id,client_id,date_created,status,Voucher_applied_date,total_price,code,days,new_vs_old
360352,507015,"Oct 5, 2025, 7:35 AM",ACCEPTED,"Oct 5, 2025, 7:37 AM",867.01,R39,20,NEW USER
360349,383024,"Jul 19, 2023, 1:18 AM",ACCEPTED,"Oct 5, 2025, 1:36 AM",216.75,R4,5,OLD USER
360327,12797,"Feb 26, 2019, 10:08 PM",ACCEPTED,"Oct 4, 2025, 10:49 PM",867.01,R99,20,OLD USER
360287,175993,"Jan 10, 2022, 8:53 PM",ACCEPTED,"Oct 4, 2025, 2:40 PM",867.01,R99,20,OLD USER
360276,129320,"Jun 24, 2021, 1:20 PM",ACCEPTED,"Oct 4, 2025, 12:32 AM",433.5,R3,10,OLD USER
360247,475249,"Jun 19, 2024, 9:57 PM",ACCEPTED,"Oct 3, 2025, 8:03 AM",867.01,R99,20,OLD USER
360068,496404,"Apr 18, 2025, 7:30 PM",ACCEPTED,"Sep 30, 2025, 5:25 PM",867.01,R99,20,NEW USER
359880,130170,"Jun 28, 2021, 2:24 PM",ACCEPTED,"Sep 28, 2025, 10:34 AM",867.01,R38,20,OLD USER
359857,18139,"Jun 9, 2019, 2:42 AM",ACCEPTED,"Sep 27, 2025, 11:12 PM",867.01,R40,20,OLD USER
359463,485815,"Oct 16, 2024, 6:18 PM",ACCEPTED,"Sep 18, 2025, 1:04 PM",216.75,R3,5,OLD USER
359432,93302,"Feb 27, 2021, 4:47 PM",ACCEPTED,"Sep 17, 2025, 4:39 PM",433.5,R3,10,OLD USER
359320,505731,"Sep 14, 2025, 10:31 PM",ACCEPTED,"Sep 15, 2025, 3:00 PM",335.75,RD6,5,NEW USER
359291,82609,"Dec 17, 2020, 2:32 PM",ACCEPTED,"Sep 14, 2025, 11:33 PM",2081.54,R38,24,OLD USER
359281,505721,"Sep 14, 2025, 8:51 PM",ACCEPTED,"Sep 14, 2025, 9:29 PM",216.75,RD6,5,NEW USER
359263,254591,"Dec 24, 2022, 5:13 PM",ACCEPTED,"Sep 14, 2025, 6:54 PM",216.75,R48,5,OLD USER
359229,358440,"Jun 22, 2023, 12:43 PM",ACCEPTED,"Sep 14, 2025, 10:36 AM",216.75,R39,5,OLD USER
359209,54463,"Mar 23, 2020, 8:40 PM",ACCEPTED,"Sep 13, 2025, 10:49 PM",433.5,R99,10,OLD USER
359173,145523,"Sep 15, 2021, 1:02 PM",ACCEPTED,"Sep 12, 2025, 10:54 PM",867.01,R38,20,OLD USER
359163,505557,"Sep 11, 2025, 9:47 PM",ACCEPTED,"Sep 12, 2025, 6:09 PM",450.5,R99,5,NEW USER
359084,503962,"Aug 13, 2025, 9:57 AM",ACCEPTED,"Sep 10, 2025, 10:51 AM",842.01,R99,20,NEW USER
359039,497923,"May 11, 2025, 1:32 AM",ACCEPTED,"Sep 9, 2025, 4:19 PM",216.75,R77,5,OLD USER
359037,497923,"May 11, 2025, 1:32 AM",ACCEPTED,"Sep 9, 2025, 4:03 PM",216.75,R77,5,OLD USER
358992,29981,"Sep 22, 2019, 2:47 PM",ACCEPTED,"Sep 8, 2025, 11:46 PM",216.75,R99,5,OLD USER
358986,497293,"Apr 30, 2025, 8:31 PM",ACCEPTED,"Sep 8, 2025, 11:23 PM",672.36,R99,10,OLD USER
358811,130131,"Jun 28, 2021, 12:13 PM",ACCEPTED,"Sep 6, 2025, 7:21 PM",216.75,R48,5,OLD USER
358783,206081,"May 16, 2022, 2:20 PM",ACCEPTED,"Sep 6, 2025, 11:33 AM",867.01,R99,20,NEW USER
358777,145129,"Sep 13, 2021, 6:58 PM",ACCEPTED,"Sep 6, 2025, 2:39 AM",216.75,R77,5,OLD USER
358740,99289,"Mar 17, 2021, 10:17 AM",CANCELLED,"Sep 4, 2025, 6:35 PM",900.15,R39,10,OLD USER
358700,498588,"May 22, 2025, 5:55 PM",ACCEPTED,"Sep 3, 2025, 6:07 PM",216.75,R3,5,OLD USER
358673,198947,"Mar 23, 2022, 9:00 PM",ACCEPTED,"Sep 3, 2025, 11:49 AM",2158.54,RD6,24,OLD USER
358657,505021,"Sep 2, 2025, 11:48 PM",ACCEPTED,"Sep 2, 2025, 11:52 PM",79.05,R99,5,NEW USER
358564,12797,"Feb 26, 2019, 10:08 PM",ACCEPTED,"Sep 1, 2025, 11:48 PM",867.01,R25,20,OLD USER
358544,131461,"Jul 5, 2021, 10:13 PM",ACCEPTED,"Sep 1, 2025, 9:29 PM",433.5,R55,10,OLD USER
358529,29981,"Sep 22, 2019, 2:47 PM",ACCEPTED,"Sep 1, 2025, 8:32 PM",216.75,R99,5,OLD USER
358365,71365,"Sep 21, 2020, 10:16 AM",ACCEPTED,"Aug 31, 2025, 10:31 PM",867.01,R99,20,OLD USER
358319,42865,"Jan 20, 2020, 10:00 AM",ACCEPTED,"Aug 31, 2025, 3:14 PM",216.75,R99,5,OLD USER
358216,130131,"Jun 28, 2021, 12:13 PM",ACCEPTED,"Aug 30, 2025, 5:32 PM",216.75,R48,5,OLD USER
358212,192333,"Mar 1, 2022, 7:35 PM",ACCEPTED,"Aug 30, 2025, 4:29 PM",867.01,R43,20,OLD USER
358169,485573,"Oct 9, 2024, 2:18 PM",ACCEPTED,"Aug 29, 2025, 3:19 AM",540.59,R42,6,NEW USER
358160,123291,"May 31, 2021, 7:30 PM",ACCEPTED,"Aug 28, 2025, 8:43 PM",867.01,R99,20,OLD USER
358145,61618,"Jul 1, 2020, 6:54 PM",ACCEPTED,"Aug 28, 2025, 2:30 PM",582.36,R99,10,OLD USER
358114,486885,"Nov 5, 2024, 6:02 PM",ACCEPTED,"Aug 27, 2025, 5:32 PM",1345.55,R31,20,OLD USER
358105,504589,"Aug 27, 2025, 1:07 PM",ACCEPTED,"Aug 27, 2025, 1:49 PM",433.5,R31,10,NEW USER
358034,504094,"Aug 17, 2025, 2:02 PM",ACCEPTED,"Aug 26, 2025, 11:36 AM",433.5,R22,10,OLD USER
357986,170701,"Dec 23, 2021, 4:13 AM",ACCEPTED,"Aug 25, 2025, 5:11 PM",867.01,R3,20,OLD USER
357858,174818,"Jan 7, 2022, 7:43 PM",ACCEPTED,"Aug 23, 2025, 10:33 PM",2161.54,R99,24,OLD USER
357838,130131,"Jun 28, 2021, 12:13 PM",ACCEPTED,"Aug 23, 2025, 7:58 PM",216.75,R48,5,OLD USER
357787,192582,"Mar 2, 2022, 9:40 AM",ACCEPTED,"Aug 22, 2025, 8:04 PM",2161.54,R99,24,OLD USER
357774,504265,"Aug 21, 2025, 11:36 AM",CANCELLED,"Aug 22, 2025, 1:23 PM",1802,R99,20,NEW USER
357763,26178,"Aug 21, 2019, 8:43 AM",ACCEPTED,"Aug 22, 2025, 12:12 AM",867.01,R48,20,OLD USER
357724,54463,"Mar 23, 2020, 8:40 PM",ACCEPTED,"Aug 20, 2025, 8:59 PM",433.5,R99,10,OLD USER
357686,475249,"Jun 19, 2024, 9:57 PM",ACCEPTED,"Aug 20, 2025, 12:40 PM",867.01,R99,20,OLD USER
357637,129458,"Jun 25, 2021, 1:52 PM",ACCEPTED,"Aug 19, 2025, 7:56 AM",216.75,R83,5,OLD USER
357572,501965,"Jul 13, 2025, 12:45 AM",CANCELLED,"Aug 18, 2025, 1:06 AM",1345.55,R41,20,NEW USER
357523,71739,"Sep 24, 2020, 4:51 PM",ACCEPTED,"Aug 17, 2025, 3:00 PM",216.75,R25,5,OLD USER
357518,504094,"Aug 17, 2025, 2:02 PM",ACCEPTED,"Aug 17, 2025, 2:06 PM",196.75,R55,5,NEW USER
357505,36504,"Nov 17, 2019, 9:35 PM",ACCEPTED,"Aug 17, 2025, 12:33 PM",200.75,RD6,5,OLD USER
357502,82436,"Dec 15, 2020, 12:49 PM",ACCEPTED,"Aug 17, 2025, 10:32 AM",1802,R3,20,OLD USER
357439,504056,"Aug 16, 2025, 12:50 PM",ACCEPTED,"Aug 16, 2025, 12:54 PM",900.15,R20,10,NEW USER
357433,130131,"Jun 28, 2021, 12:13 PM",ACCEPTED,"Aug 16, 2025, 10:14 AM",216.75,R48,5,OLD USER
357418,497923,"May 11, 2025, 1:32 AM",ACCEPTED,"Aug 15, 2025, 10:58 PM",867.01,R77,20,OLD USER
357416,497923,"May 11, 2025, 1:32 AM",ACCEPTED,"Aug 15, 2025, 10:46 PM",867.01,R77,20,OLD USER
357379,8689,"Dec 5, 2018, 7:44 AM",ACCEPTED,"Aug 14, 2025, 3:17 PM",433.5,R99,10,OLD USER
357372,474981,"Jun 19, 2024, 10:15 AM",ACCEPTED,"Aug 14, 2025, 11:04 AM",1133.05,R20,20,OLD USER
357231,121096,"May 29, 2021, 3:10 PM",ACCEPTED,"Aug 11, 2025, 1:28 PM",433.5,R48,10,OLD USER
357130,28323,"Sep 7, 2019, 5:06 PM",ACCEPTED,"Aug 9, 2025, 11:41 PM",867.01,R99,20,OLD USER
357085,475249,"Jun 19, 2024, 9:57 PM",ACCEPTED,"Aug 9, 2025, 1:25 PM",433.5,R99,10,OLD USER
357083,130131,"Jun 28, 2021, 12:13 PM",ACCEPTED,"Aug 9, 2025, 10:19 AM",216.75,R48,5,OLD USER
357079,70290,"Sep 12, 2020, 1:36 PM",ACCEPTED,"Aug 9, 2025, 8:07 AM",433.5,R34,10,OLD USER
356895,393414,"Aug 22, 2023, 9:19 PM",ACCEPTED,"Aug 5, 2025, 12:09 AM",216.75,R3,5,OLD USER
356784,503397,"Aug 3, 2025, 1:05 PM",ACCEPTED,"Aug 3, 2025, 1:07 PM",867.01,R20,20,NEW USER
356748,503360,"Aug 3, 2025, 12:18 AM",ACCEPTED,"Aug 3, 2025, 12:20 AM",900.15,R37,10,NEW USER
356709,54463,"Mar 23, 2020, 8:40 PM",ACCEPTED,"Aug 2, 2025, 5:58 PM",433.5,R99,10,OLD USER
356698,130131,"Jun 28, 2021, 12:13 PM",ACCEPTED,"Aug 2, 2025, 2:13 PM",216.75,R48,5,OLD USER
356651,503247,"Aug 1, 2025, 3:48 AM",ACCEPTED,"Aug 1, 2025, 5:00 AM",335.75,R55,5,NEW USER
356566,86566,"Jan 21, 2021, 8:40 PM",ACCEPTED,"Jul 30, 2025, 4:00 PM",867.01,R38,20,OLD USER
356501,497293,"Apr 30, 2025, 8:31 PM",ACCEPTED,"Jul 29, 2025, 6:10 AM",1345.55,R99,20,OLD USER
356455,177817,"Jan 16, 2022, 10:55 PM",ACCEPTED,"Jul 28, 2025, 1:27 PM",900.15,R3,10,OLD USER
356418,107851,"Apr 13, 2021, 3:29 PM",ACCEPTED,"Jul 27, 2025, 9:24 PM",433.5,R99,10,OLD USER
356356,502850,"Jul 26, 2025, 1:05 AM",ACCEPTED,"Jul 27, 2025, 2:21 PM",1802,R3,20,NEW USER
356340,501986,"Jul 13, 2025, 1:28 PM",ACCEPTED,"Jul 27, 2025, 11:51 AM",867.01,R99,20,NEW USER
356326,443543,"Jan 25, 2024, 7:46 PM",ACCEPTED,"Jul 27, 2025, 4:20 AM",850.15,R83,10,OLD USER
356310,174033,"Jan 6, 2022, 3:33 AM",ACCEPTED,"Jul 26, 2025, 11:34 PM",867.01,R99,20,OLD USER
356299,491819,"Jan 20, 2025, 6:53 PM",ACCEPTED,"Jul 26, 2025, 8:32 PM",867.01,R3,20,NEW USER
356294,8033,"Nov 20, 2018, 11:44 AM",ACCEPTED,"Jul 26, 2025, 8:00 PM",216.75,R99,5,NEW USER
356293,11943,"Feb 12, 2019, 11:42 AM",ACCEPTED,"Jul 26, 2025, 7:56 PM",867.01,R99,20,OLD USER
356248,130131,"Jun 28, 2021, 12:13 PM",ACCEPTED,"Jul 26, 2025, 9:02 AM",216.75,R46,5,OLD USER
356212,502795,"Jul 24, 2025, 10:39 PM",CANCELLED,"Jul 24, 2025, 11:06 PM",216.75,R41,5,NEW USER
356209,495105,"Mar 26, 2025, 4:18 AM",ACCEPTED,"Jul 24, 2025, 9:29 PM",742.01,R3,20,OLD USER
356198,24254,"Jul 21, 2019, 3:12 PM",ACCEPTED,"Jul 24, 2025, 1:41 PM",216.75,RD6,5,OLD USER
356193,409528,"Oct 24, 2023, 8:51 AM",ACCEPTED,"Jul 24, 2025, 12:32 PM",433.5,R46,10,OLD USER
356095,115546,"May 20, 2021, 1:34 PM",ACCEPTED,"Jul 22, 2025, 10:22 AM",216.75,R99,5,OLD USER
356070,502645,"Jul 21, 2025, 6:56 PM",ACCEPTED,"Jul 21, 2025, 7:07 PM",867.01,R99,20,NEW USER
356061,50079,"Feb 28, 2020, 4:14 PM",ACCEPTED,"Jul 21, 2025, 3:54 PM",429.5,RD6,10,OLD USER
356059,37310,"Nov 27, 2019, 1:38 PM",ACCEPTED,"Jul 21, 2025, 2:34 PM",1133.05,R99,20,OLD USER
356038,227419,"Sep 4, 2022, 8:57 PM",ACCEPTED,"Jul 21, 2025, 12:45 AM",433.5,R3,10,OLD USER
355943,85420,"Jan 13, 2021, 5:54 PM",ACCEPTED,"Jul 20, 2025, 12:20 AM",433.5,R46,10,OLD USER
355940,54463,"Mar 23, 2020, 8:40 PM",ACCEPTED,"Jul 19, 2025, 11:55 PM",433.5,R99,10,OLD USER
355878,458445,"May 5, 2024, 10:15 PM",CANCELLED,"Jul 19, 2025, 1:56 PM",327.24,R40,7,NEW USER
355864,486198,"Oct 24, 2024, 12:18 PM",ACCEPTED,"Jul 19, 2025, 5:08 AM",410.5,R99,5,NEW USER
355832,495771,"Apr 8, 2025, 9:06 PM",ACCEPTED,"Jul 18, 2025, 7:20 PM",867.01,RD6,20,OLD USER
355810,146495,"Sep 20, 2021, 6:09 AM",ACCEPTED,"Jul 18, 2025, 8:20 AM",216.75,R3,5,OLD USER
355809,502464,"Jul 18, 2025, 5:00 AM",ACCEPTED,"Jul 18, 2025, 5:06 AM",1345.55,R99,20,NEW USER
355745,497923,"May 11, 2025, 1:32 AM",ACCEPTED,"Jul 17, 2025, 2:09 PM",867.01,R99,20,OLD USER
355743,497923,"May 11, 2025, 1:32 AM",ACCEPTED,"Jul 17, 2025, 2:01 PM",867.01,R99,20,OLD USER
355736,495937,"Apr 11, 2025, 12:51 AM",ACCEPTED,"Jul 17, 2025, 10:57 AM",433.5,R31,10,OLD USER
355654,108053,"Apr 13, 2021, 10:11 PM",ACCEPTED,"Jul 16, 2025, 6:55 AM",1802,R25,20,NEW USER
355567,502251,"Jul 14, 2025, 9:50 PM",ACCEPTED,"Jul 14, 2025, 9:59 PM",1133.05,R99,20,NEW USER
355484,496948,"Apr 27, 2025, 12:10 AM",ACCEPTED,"Jul 14, 2025, 1:18 PM",900.15,R99,10,NEW USER
355443,501054,"Jun 29, 2025, 7:18 PM",ACCEPTED,"Jul 13, 2025, 8:05 PM",867.01,R99,20,NEW USER
355421,131535,"Jul 6, 2021, 10:09 AM",ACCEPTED,"Jul 13, 2025, 3:26 PM",867.01,R99,20,OLD USER
355403,236309,"Oct 9, 2022, 9:05 AM",ACCEPTED,"Jul 13, 2025, 10:22 AM",867.01,R25,20,OLD USER
355385,135790,"Aug 3, 2021, 3:56 PM",ACCEPTED,"Jul 12, 2025, 11:58 PM",216.75,R22,5,OLD USER
355378,498244,"May 16, 2025, 4:00 PM",ACCEPTED,"Jul 12, 2025, 10:51 PM",216.75,R55,5,OLD USER
355375,30069,"Sep 23, 2019, 11:51 PM",ACCEPTED,"Jul 12, 2025, 10:36 PM",1133.05,R99,20,OLD USER
355332,30243,"Sep 25, 2019, 1:04 PM",ACCEPTED,"Jul 12, 2025, 5:41 PM",867.01,R46,20,OLD USER
355318,83137,"Dec 23, 2020, 8:35 PM",ACCEPTED,"Jul 12, 2025, 2:01 PM",433.5,R99,10,OLD USER
355308,107851,"Apr 13, 2021, 3:29 PM",ACCEPTED,"Jul 12, 2025, 11:41 AM",433.5,R99,10,OLD USER
355282,497293,"Apr 30, 2025, 8:31 PM",ACCEPTED,"Jul 11, 2025, 10:23 PM",672.36,R99,10,NEW USER
355258,85796,"Jan 17, 2021, 2:16 AM",ACCEPTED,"Jul 11, 2025, 4:32 PM",433.5,R3,10,OLD USER
355256,85796,"Jan 17, 2021, 2:16 AM",CANCELLED,"Jul 11, 2025, 4:22 PM",433.5,R3,10,OLD USER
355249,4077,"Jun 23, 2018, 2:12 PM",ACCEPTED,"Jul 11, 2025, 2:45 PM",216.75,R3,5,OLD USER
355176,501768,"Jul 10, 2025, 10:25 AM",ACCEPTED,"Jul 10, 2025, 10:28 AM",433.5,R4,10,NEW USER
355163,459743,"May 13, 2024, 4:59 AM",ACCEPTED,"Jul 9, 2025, 8:11 PM",566.1,R3,10,NEW USER
355013,501506,"Jul 6, 2025, 10:47 PM",CANCELLED,"Jul 6, 2025, 10:57 PM",867.01,R99,20,NEW USER
354981,122057,"May 30, 2021, 4:36 PM",ACCEPTED,"Jul 6, 2025, 1:46 PM",0,RD6,10,OLD USER
354959,175993,"Jan 10, 2022, 8:53 PM",ACCEPTED,"Jul 6, 2025, 10:52 AM",867.01,R99,20,OLD USER
354945,407218,"Oct 16, 2023, 1:27 AM",ACCEPTED,"Jul 6, 2025, 12:52 AM",433.5,R99,10,OLD USER
354900,121096,"May 29, 2021, 3:10 PM",ACCEPTED,"Jul 5, 2025, 4:26 PM",433.5,R36,10,OLD USER
354867,107851,"Apr 13, 2021, 3:29 PM",ACCEPTED,"Jul 5, 2025, 1:37 AM",186.75,R99,5,OLD USER
354716,70721,"Sep 15, 2020, 1:05 AM",ACCEPTED,"Jul 2, 2025, 1:11 AM",867.01,R3,20,OLD USER
354648,131198,"Jul 4, 2021, 1:57 PM",ACCEPTED,"Jul 1, 2025, 1:00 AM",2161.54,R99,24,NEW USER
354641,297501,"May 2, 2023, 11:13 AM",ACCEPTED,"Jun 30, 2025, 10:16 PM",867.01,R38,20,OLD USER
354572,500736,"Jun 24, 2025, 10:27 PM",ACCEPTED,"Jun 29, 2025, 8:21 PM",867.01,R99,20,NEW USER
354538,410900,"Oct 30, 2023, 4:05 PM",ACCEPTED,"Jun 29, 2025, 2:54 PM",405.5,R3,10,OLD USER
354479,37169,"Nov 26, 2019, 5:28 AM",ACCEPTED,"Jun 28, 2025, 11:10 PM",216.75,R55,5,OLD USER
354444,188323,"Feb 18, 2022, 8:50 PM",ACCEPTED,"Jun 28, 2025, 6:49 PM",867.01,R4,20,NEW USER
354349,4077,"Jun 23, 2018, 2:12 PM",ACCEPTED,"Jun 26, 2025, 12:37 PM",433.5,R3,10,OLD USER
354345,495105,"Mar 26, 2025, 4:18 AM",ACCEPTED,"Jun 26, 2025, 12:03 PM",598.01,R3,20,OLD USER
354328,170701,"Dec 23, 2021, 4:13 AM",ACCEPTED,"Jun 25, 2025, 10:49 PM",867.01,R3,20,OLD USER
354111,37169,"Nov 26, 2019, 5:28 AM",ACCEPTED,"Jun 22, 2025, 1:21 PM",216.75,R48,5,OLD USER
354073,500498,"Jun 21, 2025, 4:55 PM",ACCEPTED,"Jun 21, 2025, 10:54 PM",540.59,R3,6,NEW USER
354064,125888,"Jun 6, 2021, 1:06 PM",ACCEPTED,"Jun 21, 2025, 9:02 PM",216.75,R40,5,NEW USER
354009,30487,"Sep 27, 2019, 6:57 PM",ACCEPTED,"Jun 20, 2025, 11:52 PM",433.5,R35,10,OLD USER
353982,500319,"Jun 18, 2025, 12:49 PM",ACCEPTED,"Jun 20, 2025, 1:13 PM",900.15,R3,10,NEW USER
353980,500253,"Jun 17, 2025, 4:59 PM",ACCEPTED,"Jun 20, 2025, 11:44 AM",900.15,R3,10,NEW USER
353953,24326,"Jul 21, 2019, 11:20 PM",ACCEPTED,"Jun 19, 2025, 3:45 PM",216.75,R3,5,OLD USER
353938,4077,"Jun 23, 2018, 2:12 PM",ACCEPTED,"Jun 19, 2025, 9:59 AM",216.75,R3,5,OLD USER
353846,108548,"Apr 14, 2021, 9:51 PM",ACCEPTED,"Jun 17, 2025, 1:05 PM",867.01,R38,20,OLD USER
353774,401875,"Sep 22, 2023, 1:22 PM",CANCELLED,"Jun 16, 2025, 8:55 AM",433.5,R37,10,NEW USER
353548,50079,"Feb 28, 2020, 4:14 PM",ACCEPTED,"Jun 13, 2025, 6:53 PM",865.01,R3,20,OLD USER
353337,319436,"May 24, 2023, 2:34 AM",ACCEPTED,"Jun 8, 2025, 4:30 PM",216.75,R35,5,OLD USER
353312,165228,"Dec 5, 2021, 11:01 AM",ACCEPTED,"Jun 7, 2025, 7:39 PM",867.01,R3,20,OLD USER
353257,108548,"Apr 14, 2021, 9:51 PM",ACCEPTED,"Jun 3, 2025, 4:33 PM",867.01,R39,20,OLD USER
352982,499050,"May 31, 2025, 7:08 PM",ACCEPTED,"May 31, 2025, 7:51 PM",433.5,R38,10,NEW USER
352949,498516,"May 21, 2025, 6:00 AM",ACCEPTED,"May 31, 2025, 2:49 PM",216.75,R3,5,NEW USER
352930,498993,"May 30, 2025, 7:12 PM",ACCEPTED,"May 30, 2025, 7:14 PM",1802,R41,20,NEW USER
352916,430529,"Dec 17, 2023, 3:37 PM",ACCEPTED,"May 30, 2025, 9:15 AM",450.5,R22,20,OLD USER
352796,319436,"May 24, 2023, 2:34 AM",ACCEPTED,"May 27, 2025, 8:18 PM",216.75,R39,5,OLD USER
352684,83245,"Dec 25, 2020, 2:13 AM",ACCEPTED,"May 25, 2025, 4:29 PM",216.75,R77,5,OLD USER
352606,498168,"May 14, 2025, 6:33 PM",ACCEPTED,"May 24, 2025, 8:10 PM",216.75,R36,5,OLD USER
352605,498168,"May 14, 2025, 6:33 PM",ACCEPTED,"May 24, 2025, 7:58 PM",540.59,R36,6,OLD USER
352589,4077,"Jun 23, 2018, 2:12 PM",ACCEPTED,"May 24, 2025, 4:56 PM",216.75,R3,5,OLD USER
352586,498664,"May 24, 2025, 3:02 PM",CANCELLED,"May 24, 2025, 3:25 PM",867.01,R43,20,NEW USER
352560,48044,"Feb 17, 2020, 12:04 PM",CANCELLED,"May 23, 2025, 9:46 PM",900.15,R43,10,OLD USER
352546,67061,"Aug 21, 2020, 11:28 AM",ACCEPTED,"May 23, 2025, 8:04 AM",450.5,R39,5,OLD USER
352519,498212,"May 15, 2025, 7:38 PM",ACCEPTED,"May 22, 2025, 1:13 PM",1802,R39,20,NEW USER
352383,88931,"Feb 2, 2021, 1:09 AM",CANCELLED,"May 19, 2025, 4:02 PM",335.75,R4,5,OLD USER
352361,195417,"Mar 9, 2022, 7:25 AM",ACCEPTED,"May 19, 2025, 12:45 AM",390.5,R46,5,OLD USER
352345,271754,"Feb 13, 2023, 6:21 PM",ACCEPTED,"May 18, 2025, 8:24 PM",1080.36,R46,12,NEW USER
352340,27539,"Sep 1, 2019, 7:37 PM",ACCEPTED,"May 18, 2025, 7:01 PM",827.01,R31,20,OLD USER
352190,191207,"Feb 27, 2022, 6:10 PM",ACCEPTED,"May 16, 2025, 3:04 AM",156.75,R31,5,OLD USER
352161,97979,"Mar 14, 2021, 11:29 PM",ACCEPTED,"May 15, 2025, 2:06 PM",540.59,R37,6,OLD USER
352151,165855,"Dec 5, 2021, 7:44 PM",ACCEPTED,"May 15, 2025, 10:32 AM",450.5,R39,5,OLD USER
352130,498168,"May 14, 2025, 6:33 PM",ACCEPTED,"May 14, 2025, 6:42 PM",450.5,R39,5,NEW USER
352120,4077,"Jun 23, 2018, 2:12 PM",ACCEPTED,"May 14, 2025, 1:31 PM",433.5,R3,10,OLD USER
352107,498132,"May 14, 2025, 2:25 AM",ACCEPTED,"May 14, 2025, 7:24 AM",433.5,R38,10,NEW USER
352062,112988,"May 10, 2021, 12:51 PM",ACCEPTED,"May 13, 2025, 2:22 AM",283.05,R37,5,OLD USER
352010,491675,"Jan 19, 2025, 6:58 AM",ACCEPTED,"May 12, 2025, 12:06 AM",433.5,R39,10,OLD USER
351895,497907,"May 10, 2025, 10:39 PM",ACCEPTED,"May 10, 2025, 10:42 PM",1080.36,R37,12,NEW USER
351854,497888,"May 10, 2025, 5:45 PM",CANCELLED,"May 10, 2025, 6:28 PM",1345.55,R39,20,NEW USER
351817,87136,"Jan 25, 2021, 9:11 AM",ACCEPTED,"May 9, 2025, 10:08 PM",1133.05,R3,20,NEW USER
351788,497806,"May 8, 2025, 4:33 PM",ACCEPTED,"May 8, 2025, 4:45 PM",450.5,R46,5,NEW USER
351710,497723,"May 7, 2025, 8:33 AM",ACCEPTED,"May 7, 2025, 8:38 AM",216.75,R38,5,NEW USER
351674,497547,"May 4, 2025, 9:54 PM",ACCEPTED,"May 6, 2025, 2:11 PM",867.01,RD6,20,NEW USER
351643,497634,"May 5, 2025, 11:29 PM",ACCEPTED,"May 5, 2025, 11:31 PM",433.5,R55,10,NEW USER
351632,41980,"Jan 13, 2020, 11:27 PM",ACCEPTED,"May 5, 2025, 9:28 PM",216.75,R37,5,OLD USER
351569,76452,"Oct 30, 2020, 8:47 PM",ACCEPTED,"May 5, 2025, 1:13 AM",216.75,R77,5,OLD USER
351422,153671,"Oct 13, 2021, 1:23 PM",ACCEPTED,"May 3, 2025, 8:22 PM",867.01,R3,20,OLD USER
351346,497380,"May 2, 2025, 2:37 PM",CANCELLED,"May 2, 2025, 2:49 PM",450.5,R41,5,NEW USER
351275,497274,"Apr 30, 2025, 2:56 PM",ACCEPTED,"Apr 30, 2025, 3:30 PM",1802,R39,20,NEW USER
351263,497266,"Apr 30, 2025, 11:42 AM",ACCEPTED,"Apr 30, 2025, 11:53 AM",867.01,R3,20,NEW USER
351248,490213,"Jan 3, 2025, 10:44 AM",ACCEPTED,"Apr 29, 2025, 11:57 PM",216.75,R37,5,NEW USER
351247,24923,"Jul 27, 2019, 8:32 AM",ACCEPTED,"Apr 29, 2025, 11:54 PM",216.75,R37,5,OLD USER
351236,490961,"Jan 11, 2025, 1:06 PM",ACCEPTED,"Apr 29, 2025, 8:56 PM",433.5,R37,10,OLD USER
351226,170701,"Dec 23, 2021, 4:13 AM",ACCEPTED,"Apr 29, 2025, 5:09 PM",867.01,R3,20,OLD USER
351210,497009,"Apr 27, 2025, 3:45 PM",ACCEPTED,"Apr 29, 2025, 12:21 AM",2161.54,R3,24,NEW USER
351100,496988,"Apr 27, 2025, 12:06 PM",ACCEPTED,"Apr 27, 2025, 12:18 PM",900.15,R41,10,NEW USER
351086,108548,"Apr 14, 2021, 9:51 PM",ACCEPTED,"Apr 27, 2025, 10:08 AM",867.01,R41,20,OLD USER
351064,186720,"Feb 13, 2022, 6:50 PM",CANCELLED,"Apr 27, 2025, 1:18 AM",1802,R3,20,OLD USER
350979,495459,"Apr 5, 2025, 4:51 AM",ACCEPTED,"Apr 25, 2025, 7:31 PM",867.01,RD6,20,OLD USER
350972,495105,"Mar 26, 2025, 4:18 AM",ACCEPTED,"Apr 25, 2025, 3:09 PM",867.01,R3,20,NEW USER
350881,491136,"Jan 13, 2025, 10:32 AM",ACCEPTED,"Apr 22, 2025, 1:20 PM",884.15,R3,10,OLD USER
350725,159156,"Nov 6, 2021, 9:48 PM",ACCEPTED,"Apr 19, 2025, 7:54 PM",433.5,R31,10,OLD USER
350641,103516,"Mar 31, 2021, 3:14 PM",ACCEPTED,"Apr 17, 2025, 6:39 PM",450.5,R37,5,NEW USER
350579,24923,"Jul 27, 2019, 8:32 AM",ACCEPTED,"Apr 16, 2025, 12:41 PM",216.75,R37,5,OLD USER
350569,495696,"Apr 7, 2025, 10:01 PM",ACCEPTED,"Apr 15, 2025, 9:42 PM",450.5,R37,5,OLD USER
350514,495771,"Apr 8, 2025, 9:06 PM",ACCEPTED,"Apr 14, 2025, 8:19 PM",867.01,R67,20,NEW USER
350452,146984,"Sep 21, 2021, 12:36 PM",ACCEPTED,"Apr 14, 2025, 4:37 AM",216.75,R37,5,OLD USER
350341,258755,"Jan 4, 2023, 10:46 PM",ACCEPTED,"Apr 13, 2025, 2:38 AM",216.75,R46,5,OLD USER
350272,496037,"Apr 12, 2025, 2:17 PM",ACCEPTED,"Apr 12, 2025, 2:26 PM",867.01,RD6,20,NEW USER
350264,487024,"Nov 10, 2024, 12:41 PM",CANCELLED,"Apr 12, 2025, 1:55 PM",867.01,R37,20,NEW USER
350209,196092,"Mar 12, 2022, 10:28 PM",ACCEPTED,"Apr 11, 2025, 8:57 AM",335.75,R4,5,OLD USER
350184,390756,"Aug 12, 2023, 12:15 AM",CANCELLED,"Apr 10, 2025, 2:02 PM",2161.54,R46,24,NEW USER
350145,495726,"Apr 8, 2025, 10:01 AM",ACCEPTED,"Apr 9, 2025, 11:00 AM",433.5,R37,10,NEW USER
350136,495698,"Apr 7, 2025, 10:55 PM",ACCEPTED,"Apr 8, 2025, 11:39 PM",672.36,R33,10,NEW USER
350089,495696,"Apr 7, 2025, 10:01 PM",ACCEPTED,"Apr 7, 2025, 10:37 PM",450.5,R37,5,NEW USER
350077,62948,"Jul 13, 2020, 6:37 PM",ACCEPTED,"Apr 7, 2025, 4:49 PM",450.5,RD6,5,OLD USER
349902,495541,"Apr 6, 2025, 3:09 AM",CANCELLED,"Apr 6, 2025, 3:15 AM",867.01,R22,20,NEW USER
349774,495468,"Apr 5, 2025, 7:12 AM",ACCEPTED,"Apr 5, 2025, 7:31 AM",1080.36,R3,12,NEW USER
349771,129320,"Jun 24, 2021, 1:20 PM",ACCEPTED,"Apr 5, 2025, 4:43 AM",867.01,R3,20,OLD USER
349653,140457,"Aug 27, 2021, 11:51 PM",ACCEPTED,"Apr 1, 2025, 10:35 PM",433.5,R38,10,OLD USER
349652,394098,"Aug 26, 2023, 5:36 PM",CANCELLED,"Apr 1, 2025, 10:24 PM",1133.05,R37,20,OLD USER
349649,478556,"Jul 1, 2024, 11:41 PM",ACCEPTED,"Apr 1, 2025, 7:49 PM",817.01,R3,20,OLD USER
349640,6211,"Sep 27, 2018, 1:28 AM",ACCEPTED,"Apr 1, 2025, 7:20 AM",433.5,R31,10,OLD USER
349624,50140,"Feb 28, 2020, 8:53 PM",ACCEPTED,"Mar 31, 2025, 10:40 AM",867.01,R4,20,OLD USER
349621,189339,"Feb 22, 2022, 11:11 AM",ACCEPTED,"Mar 31, 2025, 2:12 AM",672.36,R100,10,OLD USER
349504,77416,"Nov 6, 2020, 5:17 PM",ACCEPTED,"Mar 21, 2025, 3:59 AM",260.11,R3,6,OLD USER
349457,77416,"Nov 6, 2020, 5:17 PM",ACCEPTED,"Mar 16, 2025, 7:46 PM",216.75,R3,5,OLD USER
349443,494855,"Mar 15, 2025, 3:09 AM",ACCEPTED,"Mar 15, 2025, 3:24 AM",433.5,R4,10,NEW USER
349442,410303,"Oct 27, 2023, 1:05 PM",ACCEPTED,"Mar 15, 2025, 12:56 AM",520.19,R4,12,NEW USER
349434,159080,"Nov 6, 2021, 5:31 PM",ACCEPTED,"Mar 13, 2025, 8:14 PM",1080.36,R39,12,OLD USER
349405,60120,"Jun 17, 2020, 11:17 AM",ACCEPTED,"Mar 11, 2025, 7:47 PM",642.24,R3,24,NEW USER
349393,134719,"Jul 31, 2021, 3:59 PM",CANCELLED,"Mar 10, 2025, 10:19 PM",520.19,R37,12,NEW USER
349381,181273,"Jan 28, 2022, 11:21 PM",ACCEPTED,"Mar 9, 2025, 9:33 PM",780.3,R3,18,NEW USER
349361,494684,"Mar 8, 2025, 4:34 PM",ACCEPTED,"Mar 8, 2025, 4:42 PM",1351.5,RD6,15,NEW USER
349350,138798,"Aug 19, 2021, 4:10 AM",ACCEPTED,"Mar 7, 2025, 3:38 PM",523.64,R46,24,OLD USER
349349,231987,"Sep 23, 2022, 6:48 PM",ACCEPTED,"Mar 7, 2025, 3:37 AM",900.15,R3,10,OLD USER
349345,271506,"Feb 11, 2023, 11:41 PM",ACCEPTED,"Mar 6, 2025, 5:05 PM",689.36,R100,15,NEW USER
349325,494610,"Mar 5, 2025, 2:05 PM",CANCELLED,"Mar 5, 2025, 2:48 PM",520.19,R38,12,NEW USER
349290,494570,"Mar 4, 2025, 12:13 AM",ACCEPTED,"Mar 4, 2025, 12:26 AM",1621.8,R3,18,NEW USER
349248,494543,"Mar 2, 2025, 4:04 PM",CANCELLED,"Mar 2, 2025, 4:12 PM",689.36,R46,15,NEW USER
349220,48685,"Feb 21, 2020, 10:03 AM",ACCEPTED,"Mar 1, 2025, 9:48 PM",689.36,RD6,15,OLD USER
349218,487778,"Nov 27, 2024, 10:19 AM",ACCEPTED,"Mar 1, 2025, 8:33 PM",867.01,R37,20,OLD USER
349202,62514,"Jul 9, 2020, 9:23 PM",ACCEPTED,"Mar 1, 2025, 3:30 PM",780.3,R39,18,OLD USER
349189,149129,"Sep 26, 2021, 5:48 PM",CANCELLED,"Mar 1, 2025, 5:29 AM",2161.54,R3,24,OLD USER
349183,395974,"Sep 3, 2023, 3:45 PM",ACCEPTED,"Mar 1, 2025, 1:12 AM",867.01,RD6,20,OLD USER
349176,494452,"Feb 28, 2025, 8:32 PM",ACCEPTED,"Feb 28, 2025, 8:35 PM",2161.54,R43,24,NEW USER
349168,492355,"Jan 26, 2025, 10:01 PM",ACCEPTED,"Feb 28, 2025, 7:37 PM",1040.38,R41,24,NEW USER
349162,478482,"Jul 1, 2024, 1:06 AM",ACCEPTED,"Feb 28, 2025, 3:18 PM",867.01,R3,20,OLD USER
349161,494440,"Feb 28, 2025, 2:37 PM",ACCEPTED,"Feb 28, 2025, 3:00 PM",689.36,R5,15,NEW USER
349140,466172,"Jun 1, 2024, 3:30 PM",ACCEPTED,"Feb 28, 2025, 2:47 AM",1802,R3,20,NEW USER
349126,494405,"Feb 27, 2025, 7:03 PM",ACCEPTED,"Feb 27, 2025, 7:11 PM",689.36,R3,15,NEW USER
349125,117812,"May 24, 2021, 3:14 PM",ACCEPTED,"Feb 27, 2025, 7:11 PM",689.36,R3,15,NEW USER
349120,40414,"Dec 30, 2019, 10:42 PM",ACCEPTED,"Feb 27, 2025, 3:32 PM",867.01,R43,20,OLD USER
349059,14625,"Mar 28, 2019, 1:16 PM",ACCEPTED,"Feb 25, 2025, 10:14 PM",1351.5,R3,15,OLD USER
349057,151534,"Oct 2, 2021, 9:16 PM",ACCEPTED,"Feb 25, 2025, 9:12 PM",867.01,R37,20,OLD USER
349008,251376,"Dec 16, 2022, 3:49 PM",ACCEPTED,"Feb 25, 2025, 12:30 AM",1802,R38,20,NEW USER
348920,494123,"Feb 20, 2025, 9:10 PM",CANCELLED,"Feb 23, 2025, 9:18 PM",216.75,RD6,5,NEW USER
348697,493758,"Feb 11, 2025, 2:54 PM",CANCELLED,"Feb 17, 2025, 3:13 PM",216.75,RD1,5,NEW USER