Date,Order ID,Coupon,Cutomer Type,Comm,Bidding Status,Total
"Aug 2, 2024",235776,Z88,Returning,0.02,No bidding,12097.94
"Sep 28, 2024",250775,Z31,Returning,0.02,No bidding,9534.78
"Aug 4, 2024",236423,Z27,New,0.05,No bidding,8943.47
"May 29, 2025",330220,G5,New,0.05,No bidding,7487.83
"Nov 29, 2024",267294,Z7,New,0.05,No bidding,6997.39
"Oct 11, 2024",255895,Z31,New,0.05,No bidding,6912.17
"Sep 3, 2024",242094,G5,New,0.05,No bidding,6834.78
"Sep 5, 2024",242691,Z26,New,0.05,No bidding,6741.74
"Nov 10, 2024",262823,G5,New,0.05,No bidding,5876.52
"Sep 27, 2024",250512,G5,New,0.05,No bidding,5520.87
"Jul 22, 2024",234005,Z70,Returning,0.02,No bidding,5446.96
"Aug 2, 2024",235894,Z66,New,0.05,Bidding,5289.17
"Jul 23, 2024",234119,Z28,Returning,0.02,Bidding,5196.52
"Mar 11, 2025",310221,G44,New,0.05,No bidding,5193.04
"Jul 22, 2025",347780,G95,Returning,0.02,No bidding,4925.22
"Jun 21, 2025",336653,Z60,New,0.05,Bidding,4889.57
"Oct 8, 2024",254900,G5,Returning,0.02,Bidding,4689.57
"Aug 5, 2024",236542,Z31,New,0.05,No bidding,4660.87
"Oct 10, 2024",255710,Z28,New,0.05,Bidding,4660.87
"Sep 3, 2024",242163,G99,New,0.05,No bidding,4611.3
"Apr 8, 2025",317036,G55,Returning,0.02,No bidding,4603.48
"Aug 5, 2024",236532,Z26,Returning,0.02,No bidding,4455.65
"Sep 30, 2024",251904,Z28,New,0.05,No bidding,4311.3
"Sep 13, 2024",245764,G3,Returning,0.02,No bidding,4305.22
"Sep 11, 2024",244916,Z27,Returning,0.02,No bidding,4129.57
"Sep 28, 2024",250740,Z28,New,0.05,No bidding,4106.96
"Jun 16, 2025",335391,Z88,New,0.05,No bidding,4069.39
"Jul 16, 2024",232893,Z66,Returning,0.02,No bidding,3933.91
"Sep 29, 2024",251243,Z28,Returning,0.02,Bidding,3928.7
"Aug 30, 2024",241138,G3,New,0.05,No bidding,3928.7
"Oct 24, 2024",258342,Z26,New,0.05,No bidding,3862.61
"Nov 30, 2024",267698,Z39,New,0.05,Bidding,3849.57
"Feb 12, 2025",297558,Z88,Returning,0.05,No bidding,3846.09
"Mar 5, 2025",308110,G12,New,0.05,No bidding,3816.52
"Jul 13, 2025",344777,G61,New,0.05,No bidding,3751.3
"Sep 29, 2024",251504,G3,Returning,0.02,Bidding,3709.63
"Mar 17, 2025",312622,G55,New,0.05,No bidding,3448.7
"Aug 16, 2024",238594,Z62,New,0.05,No bidding,3446.96
"Nov 30, 2024",267625,Z60,New,0.05,No bidding,3445.22
"Nov 30, 2024",267761,G95,New,0.05,No bidding,3434.78
"Sep 5, 2024",242810,Z31,New,0.05,Bidding,3355.65
"Sep 28, 2024",250790,Z28,Returning,0.02,No bidding,3355.65
"Nov 16, 2024",264552,G5,New,0.05,No bidding,3318.26
"Sep 7, 2024",243475,Z31,New,0.05,No bidding,3286.69
"Dec 1, 2024",268055,G5,Returning,0.02,No bidding,3273.04
"Feb 6, 2025",294898,G5,Returning,0.02,No bidding,3207.83
"Nov 2, 2024",260836,G5,New,0.05,No bidding,3165.22
"Feb 22, 2025",302542,G5,Returning,0.02,No bidding,3146.09
"Jun 24, 2025",337366,G61,Returning,0.02,Bidding,3106.09
"Aug 20, 2024",239126,Z26,Returning,0.02,No bidding,3096.52
"Jul 14, 2025",345059,G61,New,0.05,No bidding,3089.57
"Jul 28, 2024",234842,Z28,New,0.05,No bidding,3083.48
"Dec 31, 2024",280661,G5,New,0.05,No bidding,3059.13
"Sep 12, 2024",245172,Z88,Returning,0.02,No bidding,3010.71
"Dec 21, 2024",275377,G5,New,0.05,Bidding,3010.43
"Aug 3, 2024",236080,Z70,New,0.05,No bidding,3003.48
"Jul 16, 2024",233291,Z44,New,0.05,Bidding,2993.91
"Sep 23, 2024",249254,G5,Returning,0.02,No bidding,2989.36
"Sep 7, 2025",367120,G61,New,0.05,No bidding,2926.09
"Nov 2, 2024",260976,g5,Returning,0.02,No bidding,2921.74
"Oct 12, 2024",256118,G5,New,0.05,No bidding,2920.87
"Aug 11, 2025",355164,G95,New,0.05,No bidding,2846.96
"Sep 10, 2024",244637,G5,Returning,0.02,No bidding,2833.04
"Jul 31, 2024",235341,Z70,New,0.05,Bidding,2814.83
"Dec 6, 2024",269677,G4,Returning,0.02,Bidding,2751.3
"Sep 1, 2024",241635,G5,New,0.05,No bidding,2744.35
"Nov 11, 2024",263171,G15,New,0.05,No bidding,2692.17
"Feb 18, 2025",300696,G5,Returning,0.05,Bidding,2675.65
"Jan 3, 2025",281896,G5,New,0.05,No bidding,2633.04
"Aug 22, 2024",239357,G5,Returning,0.02,No bidding,2606.09
"Aug 19, 2024",238934,z27,New,0.05,No bidding,2600
"Mar 29, 2025",315406,G55,New,0.05,No bidding,2597.83
"Sep 24, 2024",249527,Z1,New,0.05,No bidding,2595.65
"Dec 28, 2024",278757,Z35,New,0.05,No bidding,2577.39
"Dec 29, 2024",279151,G5,New,0.05,No bidding,2541.74
"Oct 14, 2024",256504,Z28,New,0.05,No bidding,2533.04
"Apr 8, 2025",317007,G5,New,0.05,No bidding,2498.26
"Apr 28, 2025",321749,G5,New,0.05,No bidding,2498.26
"Sep 2, 2024",null,Z28,New,0.05,No bidding,2491.3
"Aug 17, 2024",238770,G5,New,0.05,No bidding,2490.43
"Jun 14, 2025",334816,Z40,New,0.05,No bidding,2486.33
"Aug 27, 2024",240206,G3,New,0.05,No bidding,2486.09
"Jul 17, 2024",233406,G1,Returning,0.02,No bidding,2477.39
"Jan 9, 2025",284852,G5,Returning,0.02,No bidding,2473.04
"Aug 9, 2024",237316,Z28,New,0.05,Bidding,2464.35
"Jan 30, 2025",291462,Z77,Returning,0.05,Bidding,2429.57
"Feb 24, 2025",303627,G5,Returning,0.05,Bidding,2421.74
"Jul 31, 2024",235453,Z28,Returning,0.02,No bidding,2413.04
"Oct 13, 2024",256383,Z31,New,0.05,Bidding,2403.48
"Oct 17, 2024",257053,G4,New,0.05,No bidding,2400
"Sep 13, 2024",245736,Z31,Returning,0.02,No bidding,2399.13
"Aug 3, 2024",236011,Z70,Returning,0.02,Bidding,2348.7
"May 23, 2025",328472,G5,New,0.05,No bidding,2346.09
"Jul 29, 2024",235012,Z70,New,0.05,No bidding,2342.61
"Jul 16, 2024",233287,Z40,New,0.05,No bidding,2342.61
"Jan 15, 2025",286851,G5,Returning,0.05,No bidding,2333.91
"Aug 16, 2024",238528,Z27,Returning,0.02,No bidding,2324.35
"Aug 6, 2024",236647,G3,New,0.05,No bidding,2316.52
"Dec 24, 2024",276605,G5,New,0.05,Bidding,2300
"Dec 31, 2024",280403,Z35,New,0.05,No bidding,2278.26
"Sep 3, 2024",242200,G5,New,0.05,No bidding,2264.35
"Sep 17, 2024",247005,Z66,Returning,0.02,Bidding,2251.3
"Oct 5, 2024",253959,Z28,Returning,0.02,No bidding,2225.22
"Mar 3, 2025",307448,g44,New,0.05,No bidding,2190.43
"Sep 13, 2024",245500,G3,Returning,0.02,No bidding,2183.04
"Dec 29, 2024",279503,G95,New,0.05,No bidding,2151.3
"Mar 18, 2025",312682,G95,New,0.05,No bidding,2151.3
"Aug 21, 2024",239247,G5,New,0.05,Bidding,2139.13
"Aug 27, 2024",240172,Z31,New,0.05,No bidding,2139.13
"Mar 3, 2025",307171,G5,Returning,0.02,No bidding,2136.68
"Sep 4, 2024",242318,Z26,New,0.05,No bidding,2126.09
"Jul 22, 2024",233993,Z88,New,0.05,No bidding,2104.35
"Jan 12, 2025",285891,G5,Returning,0.02,No bidding,2100
"May 6, 2025",323981,G55,New,0.05,Bidding,2096.25
"Oct 6, 2024",254508,Z31,New,0.05,No bidding,2049.57
"Jan 7, 2025",283997,Z33,New,0.05,No bidding,2047.83
"Sep 26, 2024",250156,Z28,New,0.05,No bidding,2038.26
"Jul 29, 2025",350292,G15,New,0.05,No bidding,2036.52
"Mar 5, 2025",308443,G15,New,0.05,No bidding,2033.04
"Aug 20, 2024",239114,Z27,New,0.05,No bidding,2030.43
"Sep 21, 2024",248564,Z28,New,0.05,No bidding,2029.57
"Aug 2, 2025",351986,G61,Returning,0.02,No bidding,2028.52
"Jul 29, 2024",234916,Z88,New,0.05,No bidding,2000
"Jun 29, 2025",339249,Z88,New,0.05,No bidding,1977.39
"Aug 15, 2024",238402,G3,New,0.05,No bidding,1969.57
"Sep 17, 2024",247200,G5,Returning,0.02,No bidding,1967.83
"Oct 14, 2024",256595,z33,Returning,0.02,No bidding,1965.22
"Oct 15, 2024",256654,Z28,New,0.05,Bidding,1965.22
"Aug 25, 2024",239748,Z28,Returning,0.02,Bidding,1964.35
"Sep 20, 2024",248366,Z28,New,0.05,No bidding,1959.13
"Aug 3, 2024",236149,Z70,New,0.05,No bidding,1904.35
"Nov 30, 2024",267609,G95,New,0.05,No bidding,1889.57
"Sep 30, 2024",251728,G5,New,0.05,No bidding,1881.74
"Jun 25, 2025",337668,Z88,New,0.05,Bidding,1880.87
"May 6, 2025",323817,G61,Returning,0.02,No bidding,1878.26
"Nov 2, 2024",260830,G5,Returning,0.02,Bidding,1877.39
"Aug 9, 2024",237407,Z27,Returning,0.02,Bidding,1869.57
"Sep 21, 2024",248617,Z27,New,0.05,No bidding,1853.91
"Sep 2, 2024",null,G5,New,0.05,No bidding,1829.5700000000002
"Jan 31, 2025",292091,G5,Returning,0.05,No bidding,1824.35
"Sep 20, 2024",248161,Z28,Returning,0.02,No bidding,1815.65
"Jan 28, 2025",290686,Z88,Returning,0.05,No bidding,1813.91
"Sep 17, 2024",247034,Z26,New,0.05,No bidding,1796.42
"Aug 3, 2024",236082,Z77,Returning,0.02,No bidding,1791.3
"Aug 30, 2024",241140,Z27,New,0.05,No bidding,1790.43
"Sep 28, 2024",251029,g5,New,0.05,No bidding,1787.12
"Dec 26, 2024",277302,Z39,New,0.05,No bidding,1779.76
"Mar 27, 2025",315151,G5,New,0.05,No bidding,1779.39
"Jan 5, 2025",282831,G5,Returning,0.02,Bidding,1777.39
"Jul 31, 2024",235378,Z70,New,0.05,No bidding,1773.91
"Jan 6, 2025",283519,G5,New,0.05,No bidding,1765.22
"Aug 10, 2024",237509,Z28,Returning,0.02,No bidding,1759.13
"Jun 8, 2025",333021,Z39,New,0.05,No bidding,1750.43
"Mar 29, 2025",315476,G5,New,0.05,No bidding,1747.83
"Feb 25, 2025",304248,G5,Returning,0.05,No bidding,1746.09
"Aug 23, 2024",239503,Z3,New,0.05,No bidding,1745.22
"Jul 10, 2024",232497,Z3,New,0.05,Bidding,1736.52
"Sep 9, 2024",244201,Z28,New,0.05,No bidding,1730.43
"Aug 21, 2024",239245,G99,New,0.05,No bidding,1729.79
"Jun 21, 2025",336623,G61,New,0.05,Bidding,1716.52
"Apr 7, 2025",316833,G55,New,0.05,No bidding,1714.78
"Oct 29, 2024",259663,G5,New,0.05,No bidding,1707.83
"Sep 11, 2024",245021,G99,New,0.05,No bidding,1707.83
"Sep 30, 2024",251569,Z27,New,0.05,No bidding,1706.96
"Sep 6, 2024",243178,G5,New,0.05,Bidding,1703.48
"Sep 13, 2024",245737,Z31,Returning,0.02,No bidding,1703.48
"Oct 29, 2024",259818,G5,New,0.05,No bidding,1702.61
"Jul 16, 2024",233251,Z44,New,0.05,No bidding,1681.74
"Aug 1, 2024",235689,Z28,New,0.05,Bidding,1661.74
"Feb 27, 2025",305297,G5,Returning,0.05,No bidding,1651.3
"Feb 10, 2025",296670,G5,Returning,0.05,Bidding,1649.57
"Oct 2, 2024",252793,Z27,New,0.05,No bidding,1637.39
"Aug 26, 2024",239958,Z27,New,0.05,Bidding,1635.65
"Apr 16, 2025",318756,G61,Returning,0.02,No bidding,1629.57
"Mar 16, 2025",312279,G44,New,0.05,No bidding,1629.57
"Dec 31, 2024",280084,G4,New,0.05,No bidding,1629.57
"Jan 23, 2025",289031,Z9,Returning,0.05,No bidding,1629.57
"Jul 11, 2025",343960,G61,New,0.05,No bidding,1629.57
"Nov 4, 2024",261338,G4,New,0.05,Bidding,1620.87
"Oct 23, 2024",258133,G5,New,0.05,No bidding,1617.39
"Aug 29, 2024",240750,Z77,New,0.05,No bidding,1616.52
"Sep 14, 2024",246010,G3,New,0.05,No bidding,1616.52
"Sep 20, 2024",248113,Z28,New,0.05,No bidding,1616.52
"Sep 11, 2024",244749,Z31,New,0.05,No bidding,1606.09
"Jul 19, 2024",233557,Z38,New,0.05,No bidding,1603.48
"Oct 23, 2024",258029,G15,New,0.05,No bidding,1592.72
"Mar 9, 2025",309556,G95,New,0.05,No bidding,1582.61
"Feb 24, 2025",303436,G5,Returning,0.05,No bidding,1582.61
"Feb 16, 2025",299627,Z7,Returning,0.05,No bidding,1582.61
"Feb 28, 2025",306112,G5,New,0.05,Bidding,1582.61
"Sep 10, 2024",244642,G5,Returning,0.02,No bidding,1581.74
"Aug 5, 2024",236456,Z26,Returning,0.02,No bidding,1575.57
"Sep 8, 2024",243861,Z1,New,0.05,No bidding,1569.57
"Jul 28, 2024",234892,Z72,New,0.05,No bidding,1568.7
"Mar 7, 2025",308909,G95,New,0.05,Bidding,1563.48
"Feb 2, 2025",293134,G5,Returning,0.05,No bidding,1562.61
"Apr 22, 2025",320264,G5,New,0.05,No bidding,1542.61
"Apr 30, 2025",322062,G61,New,0.05,No bidding,1542.61
"Jul 26, 2024",234413,Z88,Returning,0.02,No bidding,1542.09
"Aug 24, 2025",359686,G95,New,0.05,Bidding,1539.13
"Sep 2, 2024",null,Z28,Returning,0.02,No bidding,1539.13
"Sep 20, 2024",248195,G3,New,0.05,No bidding,1533.91
"Aug 1, 2024",235548,Z70,New,0.05,Bidding,1533.91
"Aug 3, 2024",236142,Z70,New,0.05,No bidding,1533.91
"Sep 22, 2024",249004,G5,New,0.05,No bidding,1533.91
"Aug 7, 2024",236992,Z27,New,0.05,No bidding,1533.91
"Mar 14, 2025",311406,G5,Returning,0.02,Bidding,1530.43
"Oct 3, 2024",253093,Z50,New,0.05,No bidding,1529.57
"Oct 31, 2024",260416,Z31,New,0.05,No bidding,1526.09
"Sep 26, 2024",250257,Z28,Returning,0.02,No bidding,1524.35
"May 24, 2025",328694,Z88,New,0.05,Bidding,1521.74
"Feb 19, 2025",301155,G5,Returning,0.05,No bidding,1517.39
"Jul 16, 2024",232732,Z3,New,0.05,Bidding,1516.52
"Sep 7, 2024",243429,Z94,New,0.05,No bidding,1510.17
"Dec 30, 2024",280003,G95,New,0.05,No bidding,1508.7
"Aug 6, 2024",236789,Z77,New,0.05,No bidding,1500
"Jul 16, 2024",233164,Z3,New,0.05,Bidding,1495.65
"Aug 2, 2024",235906,Z70,New,0.05,No bidding,1490.43
"Jul 31, 2024",235523,Z88,New,0.05,No bidding,1490.43
"Aug 18, 2024",238889,G3,New,0.05,No bidding,1490.43
"Apr 30, 2025",322128,G44,New,0.05,No bidding,1479.13
"Feb 20, 2025",301512,Z88,Returning,0.05,No bidding,1475.17
"Nov 2, 2024",260901,Z28,New,0.05,No bidding,1474.78
"Sep 29, 2024",251220,Z31,New,0.05,No bidding,1474.78
"Oct 26, 2024",258703,Z1,Returning,0.02,No bidding,1473.04
"Aug 20, 2024",239073,Z36,Returning,0.02,No bidding,1469.93
"Aug 19, 2024",238961,G99,New,0.05,No bidding,1469.57
"Oct 9, 2024",255209,G5,New,0.05,No bidding,1466.09
"Dec 22, 2024",275604,G5,New,0.05,No bidding,1446.96
"Nov 12, 2024",263411,Z31,New,0.05,No bidding,1446.96
"Aug 22, 2024",239403,Z88,New,0.05,No bidding,1446.96
"Sep 23, 2024",249383,G5,Returning,0.02,Bidding,1442.61
"Sep 6, 2024",242996,G5,Returning,0.02,No bidding,1442.61
"Sep 27, 2024",250505,G5,New,0.05,Bidding,1442.61
"Jul 16, 2024",233005,Z3,New,0.05,Bidding,1442.61
"Jul 9, 2024",232366,Z50,New,0.05,No bidding,1440.87
"Jul 31, 2024",235414,Z27,New,0.05,No bidding,1438.26
"Oct 3, 2024",253266,Z28,New,0.05,No bidding,1434.62
"Sep 13, 2024",245530,Z1,New,0.05,No bidding,1430.43
"Jan 9, 2025",284730,G95,New,0.05,No bidding,1419.13
"Feb 25, 2025",304094,G5,Returning,0.05,Bidding,1415.65
"Jan 2, 2025",281475,G11,Returning,0.02,No bidding,1413.91
"Sep 26, 2024",249991,G3,New,0.05,No bidding,1413.04
"Jul 24, 2024",234135,Z1,New,0.05,No bidding,1412.17
"Mar 16, 2025",312173,Z88,New,0.05,Bidding,1396.52
"Aug 1, 2024",235690,G15,New,0.05,No bidding,1387.07
"Aug 23, 2024",239433,Z27,New,0.05,No bidding,1386.09
"Dec 27, 2024",277909,g4,New,0.05,No bidding,1377.39
"Dec 30, 2024",279627,Z88,New,0.05,No bidding,1377.39
"Dec 9, 2024",270923,G5,Returning,0.02,Bidding,1373.91
"Aug 1, 2024",235661,Z70,New,0.05,No bidding,1373.04
"Dec 10, 2024",271181,G95,New,0.05,No bidding,1368.7
"Apr 27, 2025",321402,G61,New,0.05,Bidding,1368.7
"Jun 19, 2025",336202,Z88,New,0.05,Bidding,1368.7
"Aug 31, 2025",363108,G61,New,0.05,No bidding,1360.87
"Dec 26, 2024",277391,Z48,Returning,0.02,No bidding,1360
"Nov 8, 2024",262377,G5,New,0.05,No bidding,1360
"Oct 2, 2024",252707,G5,Returning,0.02,No bidding,1359.99
"Oct 16, 2024",256852,G5,New,0.05,No bidding,1359.13
"Jun 1, 2025",331234,Z50,Returning,0.02,No bidding,1359.13
"Dec 20, 2024",274938,G15,New,0.05,Bidding,1356.52
"Dec 15, 2024",273261,G5,New,0.05,No bidding,1356.52
"Sep 2, 2024",null,Z29,New,0.05,No bidding,1355.65
"Sep 30, 2024",251872,Z60,New,0.05,No bidding,1355.65
"Jul 16, 2024",232862,Z40,New,0.05,No bidding,1347.83
"Dec 30, 2024",279626,G5,New,0.05,Bidding,1347.83
"Jul 22, 2024",233961,Z70,New,0.05,No bidding,1342.61
"Dec 3, 2024",268841,G5,New,0.05,No bidding,1339.13
"Aug 11, 2024",237742,Z7,Returning,0.02,No bidding,1339.13
"Sep 15, 2024",246347,Z28,Returning,0.02,No bidding,1337.39
"Dec 29, 2024",279412,Z7,New,0.05,No bidding,1333.91
"Aug 19, 2024",238912,Z27,New,0.05,No bidding,1321.74
"Aug 25, 2024",239773,G66,New,0.05,Bidding,1319.13
"Aug 17, 2024",238754,G99,New,0.05,No bidding,1313.04
"Mar 12, 2025",310582,G5,New,0.05,No bidding,1313.04
"May 14, 2025",326174,G61,New,0.05,No bidding,1313.04
"Mar 9, 2025",309601,G5,New,0.05,No bidding,1313.04
"Oct 4, 2024",253533,Z27,Returning,0.02,Bidding,1303.48
"Sep 6, 2024",243209,Z33,New,0.05,No bidding,1303.48
"Feb 5, 2025",294537,G5,Returning,0.05,No bidding,1301.74
"Jul 28, 2024",234863,G1,Returning,0.02,No bidding,1295.65
"Mar 6, 2025",308733,Z66,New,0.05,Bidding,1281.74
"Jul 29, 2025",350084,G15,New,0.05,No bidding,1281.74
"May 3, 2025",323033,G61,New,0.05,No bidding,1281.74
"Jun 10, 2025",333640,Z38,New,0.05,No bidding,1281.74
"Aug 27, 2024",240156,Z35,New,0.05,Bidding,1273.04
"Nov 11, 2024",263290,G5,New,0.05,No bidding,1273.04
"May 20, 2025",327888,G5,New,0.05,No bidding,1270.43
"Nov 20, 2024",265403,G5,Returning,0.02,No bidding,1268.7
"Nov 17, 2024",264573,G5,New,0.05,Bidding,1260.87
"Aug 20, 2024",239095,Z27,New,0.05,No bidding,1251.3
"Feb 13, 2025",298246,G5,Returning,0.05,Bidding,1248.7
"Sep 16, 2024",246694,Z53,New,0.05,No bidding,1247.83
"Jan 1, 2025",280722,G5,New,0.05,No bidding,1238.26
"Jul 16, 2024",232672,Z9,New,0.05,No bidding,1237.39
"Oct 2, 2024",252875,Z1,New,0.05,Bidding,1231.72
"Dec 31, 2024",280219,G5,New,0.05,No bidding,1220.87
"Aug 24, 2024",239669,G5,Returning,0.02,No bidding,1217.39
"Aug 24, 2024",239628,G3,New,0.05,Bidding,1216.52
"Oct 24, 2024",258181,Z26,Returning,0.02,No bidding,1213.04
"Sep 3, 2024",242090,G5,New,0.05,No bidding,1201.74
"Apr 12, 2025",317937,Z60,New,0.05,Bidding,1194.78
"Jan 18, 2025",287806,g4,Returning,0.02,No bidding,1194.78
"Dec 28, 2024",278768,G5,New,0.05,Bidding,1186.96
"Aug 5, 2024",236641,Z30,New,0.05,No bidding,1186.09
"Aug 18, 2024",238853,Z26,New,0.05,No bidding,1184.35
"Jul 28, 2024",234858,Z28,New,0.05,Bidding,1182.61
"Mar 2, 2025",306766,Z6,New,0.05,No bidding,1178.26
"Aug 24, 2024",239584,G3,New,0.05,No bidding,1177.39
"Jul 29, 2024",234901,Z33,Returning,0.02,No bidding,1171.84
"Oct 3, 2024",253030,Z60,New,0.05,No bidding,1171.3
"Aug 5, 2024",236642,Z26,New,0.05,Bidding,1168.57
"Mar 7, 2025",308896,G61,New,0.05,No bidding,1162.61
"Oct 17, 2024",256979,G3,New,0.05,No bidding,1154.78
"Mar 22, 2025",314207,G5,New,0.05,No bidding,1149.57
"Jan 10, 2025",285058,G5,New,0.05,No bidding,1147.83
"Mar 14, 2025",311400,G55,New,0.05,No bidding,1146.09
"Aug 15, 2024",238456,Z28,Returning,0.02,No bidding,1146.09
"Feb 23, 2025",303125,G5,Returning,0.02,Bidding,1145.22
"Aug 10, 2024",237518,Z27,Returning,0.02,No bidding,1143.48
"Dec 28, 2024",278298,Z48,Returning,0.02,No bidding,1135.65
"Jun 16, 2025",335472,G5,New,0.05,No bidding,1134.78
"Aug 27, 2024",240065,Z27,New,0.05,No bidding,1127.83
"Oct 15, 2024",256681,Z1,New,0.05,No bidding,1125.22
"Nov 29, 2024",267276,G15,New,0.05,No bidding,1125.22
"Jan 28, 2025",290706,G5,Returning,0.05,No bidding,1117.31
"Jan 3, 2025",282136,G5,New,0.05,No bidding,1107.83
"Jan 9, 2025",284907,G5,New,0.05,No bidding,1107.83
"Sep 14, 2024",245869,g3,New,0.05,No bidding,1104.35
"Aug 28, 2024",240412,G5,New,0.05,No bidding,1104.35
"Dec 30, 2024",279929,G5,Returning,0.02,No bidding,1103.48
"Aug 28, 2024",240653,Z31,New,0.05,No bidding,1100.36
"Sep 30, 2024",251613,Z88,Returning,0.02,No bidding,1100.31
"Oct 23, 2024",258091,G5,New,0.05,No bidding,1099.13
"Jan 3, 2025",282150,Z40,New,0.05,No bidding,1099.13
"Nov 18, 2024",264991,G5,New,0.05,Bidding,1097.39
"Sep 17, 2024",247052,Z26,New,0.05,No bidding,1094.78
"Aug 3, 2024",236005,Z88,New,0.05,No bidding,1089.1
"Nov 10, 2024",262928,Z31,New,0.05,No bidding,1081.74
"Jan 4, 2025",282562,G5,Returning,0.02,Bidding,1080.87
"Oct 26, 2024",258800,Z28,Returning,0.02,No bidding,1079.13
"Jul 16, 2024",232788,z33,Returning,0.02,No bidding,1075.65
"Sep 16, 2024",246817,G3,New,0.05,Bidding,1064.35
"Feb 17, 2025",300018,G4,Returning,0.05,No bidding,1059.13
"Sep 15, 2024",246230,Z27,New,0.05,Bidding,1053.04
"Sep 21, 2024",248636,Z28,Returning,0.02,Bidding,1042.61
"Jul 17, 2024",233420,Z40,Returning,0.02,Bidding,1033.04
"Dec 7, 2024",270371,G5,Returning,0.02,No bidding,1026.96
"Sep 30, 2024",251609,G4,New,0.05,Bidding,1026.09
"Jul 28, 2024",234831,Z60,New,0.05,No bidding,1026.09
"Jan 5, 2025",283204,G5,Returning,0.02,No bidding,1024.64
"Dec 31, 2024",280208,G5,New,0.05,Bidding,1020.87
"Sep 2, 2024",null,Z3,Returning,0.02,No bidding,1017.25
"Dec 14, 2024",272953,Z7,New,0.05,No bidding,1012.17
"Jul 30, 2024",235245,Z66,New,0.05,Bidding,1010.43
"Nov 30, 2024",267641,G5,New,0.05,No bidding,1008.7
"Sep 10, 2024",244389,G3,New,0.05,No bidding,1007.83
"Aug 28, 2024",240603,Z27,Returning,0.02,No bidding,1007.83
"Sep 1, 2024",241557,Z28,New,0.05,No bidding,1007.83
"Sep 14, 2024",245988,Z53,New,0.05,No bidding,1001.74
"Jul 5, 2024",231524,G15,New,0.05,No bidding,989.57
"Oct 8, 2024",255179,G3,Returning,0.02,No bidding,980.87
"Aug 19, 2024",238941,G3,New,0.05,No bidding,979.13
"Sep 27, 2024",250396,Z28,New,0.05,No bidding,974.78
"Sep 28, 2024",250847,G5,New,0.05,No bidding,969.57
"Feb 25, 2025",303883,G5,Returning,0.05,Bidding,969.57
"Sep 30, 2024",251617,Z27,New,0.05,No bidding,968.7
"Jul 9, 2024",232261,G3,Returning,0.02,No bidding,968.7
"May 1, 2025",322447,G5,New,0.05,No bidding,968.7
"Jul 25, 2024",234359,G15,New,0.05,Bidding,968.57
"Dec 6, 2024",269748,G15,New,0.05,Bidding,967.83
"Sep 16, 2024",246686,Z28,New,0.05,No bidding,967.83
"Feb 6, 2025",294884,G5,Returning,0.05,No bidding,953.91
"Apr 2, 2025",315787,G55,New,0.05,No bidding,953.91
"Mar 3, 2025",307395,G5,New,0.05,No bidding,949.57
"Sep 13, 2024",245693,Z27,New,0.05,No bidding,943.48
"Dec 11, 2024",271389,G5,New,0.05,No bidding,942.61
"Mar 3, 2025",307386,G5,New,0.05,Bidding,933.91
"Feb 18, 2025",300532,Z66,Returning,0.05,Bidding,933.91
"Oct 30, 2024",260027,Z66,Returning,0.02,No bidding,933.04
"Jan 29, 2025",291006,Z48,Returning,0.05,No bidding,933.04
"Nov 12, 2024",263481,Z1,Returning,0.02,No bidding,929.57
"Dec 9, 2024",270795,G5,New,0.05,No bidding,929.57
"Jul 16, 2024",232812,Z33,Returning,0.02,No bidding,926.09
"Dec 27, 2024",277854,Z39,New,0.05,No bidding,926.09
"Jul 16, 2024",232809,Z40,New,0.05,No bidding,926.09
"Sep 24, 2024",249564,Z26,New,0.05,No bidding,925.22
"Oct 6, 2024",254273,G5,New,0.05,No bidding,925.22
"Sep 2, 2024",null,G3,New,0.05,No bidding,925.22
"Oct 1, 2024",252348,Z31,Returning,0.02,Bidding,925.22
"Oct 1, 2024",252452,Z28,Returning,0.02,Bidding,925.22
"Dec 5, 2024",269291,G5,New,0.05,No bidding,924.35
"Apr 5, 2025",316460,Z21,New,0.05,No bidding,923.12
"Oct 14, 2024",256573,Z28,New,0.05,No bidding,921.74
"Dec 7, 2024",270408,G5,New,0.05,No bidding,920
"Sep 11, 2024",244978,Z31,Returning,0.02,No bidding,918.26
"Oct 5, 2024",253976,G5,New,0.05,Bidding,911.3
"Jul 30, 2024",235174,Z10,New,0.05,No bidding,908.7
"Jul 17, 2024",233412,Z3,Returning,0.02,No bidding,908.7
"Jul 30, 2024",235265,Z66,New,0.05,Bidding,904.64
"Aug 3, 2024",236091,Z70,Returning,0.02,No bidding,901.74
"Jun 22, 2025",336930,Z66,New,0.05,No bidding,899.13
"Aug 9, 2024",237352,Z77,Returning,0.02,Bidding,897.7
"Aug 8, 2024",237144,Z38,Returning,0.02,No bidding,895.65
"Mar 19, 2025",313210,G5,New,0.05,No bidding,878.26
"Mar 18, 2025",312757,G55,New,0.05,Bidding,878.26
"Apr 13, 2025",318091,G5,New,0.05,No bidding,873.04
"Sep 12, 2024",245384,Z33,Returning,0.02,Bidding,872.17
"Mar 6, 2025",308495,G5,New,0.05,No bidding,870.43
"Aug 4, 2025",352829,G15,Returning,0.02,Bidding,868.7
"Sep 3, 2024",241940,G5,New,0.05,No bidding,868.7
"Jan 1, 2025",280745,Z35,New,0.05,Bidding,865.22
"Sep 16, 2024",246707,Z28,New,0.05,No bidding,854.78
"Mar 5, 2025",308342,G15,New,0.05,No bidding,849.57
"Mar 11, 2025",310320,Z66,Returning,0.02,No bidding,849.57
"Jan 1, 2025",280744,G95,New,0.05,No bidding,846.96
"Jul 30, 2025",350687,G95,New,0.05,No bidding,846.96
"May 15, 2025",326509,G61,New,0.05,No bidding,846.96
"Jul 28, 2025",349814,G95,New,0.05,No bidding,846.96
"Apr 11, 2025",317581,G5,New,0.05,No bidding,846.96
"Jan 3, 2025",281870,G5,New,0.05,Bidding,846.96
"Nov 16, 2024",264340,G5,Returning,0.02,No bidding,845.22
"Aug 30, 2025",362315,G61,New,0.05,No bidding,843.48
"Sep 8, 2024",243782,Z28,New,0.05,No bidding,841.87
"Sep 11, 2024",244804,Z26,New,0.05,No bidding,839.13
"Sep 17, 2024",247154,Z27,New,0.05,No bidding,838.26
"Sep 7, 2024",243552,G15,New,0.05,No bidding,838.26
"Sep 17, 2024",247115,G5,New,0.05,No bidding,838.26
"Sep 15, 2024",246350,Z26,New,0.05,No bidding,838.26
"Sep 14, 2024",246177,G3,New,0.05,Bidding,838.26
"Dec 27, 2024",278110,G5,New,0.05,No bidding,838.26
"Dec 16, 2024",273692,G5,Returning,0.02,No bidding,838.26
"Sep 11, 2024",245059,G5,New,0.05,No bidding,838.26
"Sep 9, 2024",244101,Z77,New,0.05,No bidding,838.26
"Oct 31, 2024",260394,Z66,New,0.05,No bidding,838.26
"Nov 2, 2024",260743,Z66,New,0.05,No bidding,838.26
"Nov 10, 2024",262921,G5,Returning,0.02,Bidding,838.26
"Sep 15, 2024",246272,G5,New,0.05,Bidding,838.26
"Oct 29, 2024",259706,G15,New,0.05,No bidding,838.26
"Dec 25, 2024",276859,G5,New,0.05,No bidding,838.26
"Nov 9, 2024",262531,G5,New,0.05,No bidding,838.26
"Nov 11, 2024",263147,Z28,New,0.05,Bidding,838.26
"Jul 11, 2025",343944,G61,New,0.05,No bidding,836.52
"Aug 25, 2024",239790,Z88,Returning,0.02,No bidding,832.23
"Aug 5, 2024",236496,z27,New,0.05,No bidding,829.57
"Aug 31, 2024",241264,Z31,New,0.05,Bidding,821.74
"Nov 11, 2024",263196,Z31,Returning,0.02,No bidding,820.87
"Mar 20, 2025",313507,G5,New,0.05,No bidding,820
"Sep 20, 2024",248056,Z72,New,0.05,No bidding,811.3
"Aug 10, 2024",237611,Z27,Returning,0.02,Bidding,811.3
"Nov 4, 2024",261381,Z28,New,0.05,No bidding,808.17
"Jul 16, 2024",232749,G2,New,0.05,No bidding,806.96
"Jun 1, 2025",331229,G5,Returning,0.02,No bidding,803.48
"Mar 14, 2025",311448,G5,New,0.05,No bidding,801.74
"Nov 19, 2024",265234,Z60,New,0.05,No bidding,800
"Nov 8, 2024",262417,Z28,New,0.05,Bidding,800
"Aug 18, 2024",238805,Z1,New,0.05,No bidding,799.13
"Feb 11, 2025",297115,G5,Returning,0.05,No bidding,794.79
"Oct 27, 2024",258994,G5,New,0.05,No bidding,794.78
"Aug 7, 2024",236877,Z33,New,0.05,No bidding,794.78
"Aug 2, 2024",235975,Z27,New,0.05,Bidding,794.78
"Feb 28, 2025",305773,G5,New,0.05,Bidding,793.91
"Oct 7, 2024",254725,Z28,Returning,0.02,No bidding,789.57
"Aug 7, 2024",236967,Z33,Returning,0.02,Bidding,787.57
"Sep 15, 2024",246245,G5,New,0.05,Bidding,783.76
"Aug 24, 2024",239549,Z3,Returning,0.02,No bidding,780.19
"Nov 18, 2024",264913,Z39,New,0.05,No bidding,780
"Feb 20, 2025",301396,G5,Returning,0.05,No bidding,780
"Jan 22, 2025",288823,G5,Returning,0.05,No bidding,778.26
"Aug 25, 2024",239680,Z1,New,0.05,Bidding,777.39
"Oct 1, 2024",252204,Z33,New,0.05,Bidding,776.52
"Aug 23, 2024",239449,G5,New,0.05,Bidding,773.91
"Oct 20, 2024",257506,G5,New,0.05,No bidding,771.3
"Aug 8, 2024",237241,Z1,Returning,0.02,No bidding,771.3
"Aug 28, 2024",240473,Z26,New,0.05,Bidding,769.57
"Jan 28, 2025",290693,Z7,Returning,0.05,No bidding,760
"Nov 8, 2024",262312,Z52,Returning,0.02,No bidding,760
"Jul 28, 2025",349674,G44,New,0.05,Bidding,760
"Oct 3, 2024",253163,Z28,New,0.05,No bidding,757.39
"Aug 5, 2025",352995,G61,New,0.05,Bidding,756.52
"Jul 25, 2024",234323,Z33,New,0.05,No bidding,752.17
"Nov 28, 2024",267028,Z39,New,0.05,Bidding,751.3
"Sep 16, 2024",246604,G5,New,0.05,No bidding,751.3
"Oct 23, 2024",258137,Z31,New,0.05,No bidding,750.43
"Aug 7, 2024",237019,Z27,New,0.05,No bidding,750.43
"Nov 2, 2024",260977,Z28,Returning,0.02,No bidding,750.43
"Sep 7, 2024",243259,G5,New,0.05,No bidding,747.83
"Mar 11, 2025",310402,G5,New,0.05,No bidding,747.83
"Sep 3, 2024",242218,Z27,New,0.05,No bidding,746.96
"Aug 15, 2024",238471,Z3,New,0.05,No bidding,745.22
"Jan 14, 2025",286561,G5,Returning,0.05,No bidding,742.61
"Nov 10, 2024",262967,Z31,New,0.05,No bidding,742.37
"Sep 4, 2024",242456,Z99,Returning,0.02,Bidding,741.74
"Dec 6, 2024",269848,G95,New,0.05,No bidding,733.91
"Dec 1, 2024",267941,G5,Returning,0.02,Bidding,731.3
"Dec 6, 2024",269639,G95,New,0.05,No bidding,729.57
"Apr 22, 2025",320123,G5,New,0.05,Bidding,727.83
"Dec 14, 2024",272621,G5,Returning,0.02,Bidding,727.44
"Oct 12, 2024",256098,G5,New,0.05,No bidding,726.96
"Nov 14, 2024",263961,G95,New,0.05,No bidding,726.09
"Apr 6, 2025",316550,G5,Returning,0.02,Bidding,724.91
"Sep 13, 2024",245501,G5,New,0.05,No bidding,722.61
"Apr 27, 2025",321153,G5,New,0.05,Bidding,721.74
"Nov 20, 2024",265293,Z7,New,0.05,No bidding,721.52
"Nov 9, 2024",262741,Z31,New,0.05,No bidding,719.13
"Nov 30, 2024",267658,G5,New,0.05,No bidding,719.13
"Nov 29, 2024",267213,Z39,New,0.05,No bidding,719.13
"Dec 22, 2024",275769,G5,Returning,0.02,Bidding,718.26
"Dec 27, 2024",277897,G1,New,0.05,No bidding,711.3
"Aug 29, 2024",240849,Z31,New,0.05,Bidding,710.43
"Sep 4, 2024",242305,Z28,New,0.05,No bidding,709.57
"Dec 1, 2024",267958,Z7,Returning,0.02,No bidding,707.83
"Apr 8, 2025",317053,G61,New,0.05,No bidding,706.96
"Sep 9, 2024",243965,Z53,New,0.05,Bidding,704.35
"Nov 20, 2024",265395,Z7,New,0.05,No bidding,699.13
"Aug 9, 2024",237441,Z27,New,0.05,Bidding,699.13
"Sep 10, 2024",244449,Z60,New,0.05,Bidding,694.78
"Jan 29, 2025",291022,G5,Returning,0.05,No bidding,693.04
"Feb 13, 2025",297979,G4,Returning,0.05,No bidding,693.04
"Nov 3, 2024",261086,Z26,Returning,0.02,No bidding,690.43
"Mar 3, 2025",307352,G5,New,0.05,No bidding,682.61
"Jul 4, 2025",341286,G61,Returning,0.02,No bidding,679.13
"Dec 10, 2024",271228,G5,New,0.05,No bidding,679.13
"Sep 23, 2024",249328,Z28,New,0.05,No bidding,674.78
"Jul 17, 2024",233390,Z1,New,0.05,Bidding,673.91
"Jul 30, 2024",235252,Z70,New,0.05,No bidding,673.91
"Jan 1, 2025",281201,G5,New,0.05,No bidding,673.04
"Jul 7, 2025",342432,G9,New,0.05,Bidding,673.04
"Jun 25, 2025",337561,G61,Returning,0.02,No bidding,673.04
"Sep 12, 2024",245247,G5,New,0.05,No bidding,673.04
"Dec 11, 2024",271455,G5,Returning,0.02,No bidding,673.04
"Feb 21, 2025",301665,G5,Returning,0.05,Bidding,673.04
"Mar 15, 2025",311585,Z75,New,0.05,No bidding,673.04
"Apr 1, 2025",315749,G5,New,0.05,Bidding,673.04
"Jul 24, 2025",348426,G61,New,0.05,Bidding,673.04
"Aug 27, 2024",240097,G5,New,0.05,No bidding,673.04
"Feb 20, 2025",301417,G5,Returning,0.05,No bidding,665.22
"Aug 1, 2024",235625,Z70,New,0.05,No bidding,664.35
"Sep 4, 2024",242297,Z31,Returning,0.02,No bidding,664.35
"Aug 21, 2024",239273,Z27,New,0.05,No bidding,662.61
"Dec 20, 2024",275068,G99,New,0.05,No bidding,662.61
"Oct 25, 2024",258446,Z3,Returning,0.02,No bidding,661.74
"Sep 29, 2024",251232,Z27,New,0.05,No bidding,661.74
"Dec 28, 2024",278817,G4,New,0.05,No bidding,660
"Oct 11, 2024",255835,G5,New,0.05,No bidding,654.78
"Sep 5, 2024",242639,G3,New,0.05,Bidding,651.3
"Nov 1, 2024",260466,Z28,New,0.05,No bidding,650.57
"Jul 31, 2024",235384,Z70,New,0.05,No bidding,649.57
"Sep 28, 2024",250653,G3,New,0.05,No bidding,649.57
"Dec 27, 2024",278054,Z88,New,0.05,No bidding,647.83
"Jul 13, 2025",344797,Z60,New,0.05,No bidding,646.09
"Feb 19, 2025",300905,G5,Returning,0.02,Bidding,644.35
"Sep 23, 2024",249206,Z27,New,0.05,No bidding,642.61
"Aug 15, 2024",238389,Z8,New,0.05,No bidding,642.61
"Sep 8, 2024",243675,Z27,New,0.05,No bidding,642.61
"Sep 14, 2024",246183,G5,New,0.05,No bidding,640.87
"Nov 19, 2024",265102,G5,New,0.05,No bidding,639.13
"Dec 11, 2024",271584,Z7,New,0.05,No bidding,635.65
"Aug 28, 2024",240596,Z27,New,0.05,No bidding,633.26
"Jan 9, 2025",284748,G5,New,0.05,No bidding,632.17
"Sep 18, 2024",247441,Z28,New,0.05,Bidding,632.17
"Jun 22, 2025",336823,Z88,New,0.05,Bidding,629.57
"Jan 28, 2025",290593,G5,Returning,0.05,No bidding,628.7
"Feb 12, 2025",297687,G5,Returning,0.02,No bidding,627.83
"Dec 30, 2024",279960,G5,New,0.05,No bidding,625.22
"Sep 1, 2024",241595,G3,Returning,0.02,Bidding,621.74
"Feb 7, 2025",295176,G5,Returning,0.05,No bidding,620.87
"Jun 4, 2025",332056,G5,New,0.05,Bidding,620
"Aug 10, 2024",237535,Z26,New,0.05,Bidding,616.52
"Oct 3, 2024",253434,G15,Returning,0.02,Bidding,615.67
"Mar 21, 2025",313903,G5,Returning,0.02,No bidding,611.3
"Jul 21, 2024",233830,Z40,New,0.05,No bidding,607.91
"Dec 4, 2024",269163,G5,New,0.05,Bidding,606.96
"Jul 14, 2025",345013,Z1,New,0.05,No bidding,602.61
"Jul 13, 2025",344714,Z5,New,0.05,No bidding,602.61
"Mar 4, 2025",307839,G5,New,0.05,No bidding,601.74
"Dec 9, 2024",271014,G95,New,0.05,No bidding,600.87
"Feb 28, 2025",305623,G15,New,0.05,No bidding,599.13
"Sep 8, 2024",243768,Z27,New,0.05,Bidding,595.65
"Dec 15, 2024",273036,G5,New,0.05,No bidding,594.71
"Nov 11, 2024",263146,G5,New,0.05,Bidding,589.57
"Jun 29, 2025",339061,G5,New,0.05,Bidding,586.09
"Nov 23, 2024",265909,G95,New,0.05,No bidding,586.09
"Nov 15, 2024",264049,G95,Returning,0.05,No bidding,586.09
"Aug 17, 2025",357185,G95,Returning,0.02,No bidding,586.09
"May 6, 2025",323875,G5,New,0.05,Bidding,586.09
"Mar 13, 2025",310844,G95,New,0.05,No bidding,586.09
"Mar 10, 2025",309946,G61,New,0.05,No bidding,586.09
"Mar 5, 2025",308029,Z66,Returning,0.02,No bidding,586.09
"Sep 4, 2025",365335,Z1,New,0.05,Bidding,582.61
"Aug 12, 2025",355469,Z55,New,0.05,Bidding,582.61
"Nov 25, 2024",266372,G5,New,0.05,No bidding,581.74
"Oct 28, 2024",259444,G5,Returning,0.02,No bidding,581.74
"Aug 10, 2024",237571,Z38,New,0.05,No bidding,578.26
"Jul 1, 2025",340238,Z55,New,0.05,Bidding,577.39
"Oct 18, 2024",257184,G5,New,0.05,No bidding,577.39
"Aug 29, 2024",240854,G3,New,0.05,No bidding,577.39
"Sep 19, 2024",247935,G5,New,0.05,No bidding,576.52
"Sep 30, 2024",251799,G3,New,0.05,No bidding,574.37
"Mar 23, 2025",314432,G5,Returning,0.02,No bidding,573.91
"Oct 14, 2024",256525,Z19,New,0.05,No bidding,573.91
"Mar 31, 2025",315570,G61,New,0.05,No bidding,573.91
"Aug 4, 2024",236387,Z27,New,0.05,Bidding,573.91
"Sep 19, 2024",247668,Z28,New,0.05,Bidding,573.04
"Aug 8, 2024",237219,Z53,New,0.05,No bidding,573.04
"Oct 11, 2024",255850,Z28,New,0.05,No bidding,573.04
"Aug 19, 2024",238970,Z27,Returning,0.02,Bidding,569.57
"Aug 5, 2024",236497,Z27,Returning,0.02,No bidding,569.57
"Aug 4, 2024",236410,Z88,New,0.05,Bidding,569.57
"Sep 14, 2024",246154,G3,New,0.05,No bidding,568.7
"Oct 23, 2024",258057,Z28,New,0.05,No bidding,568.7
"Dec 23, 2024",276109,g5,New,0.05,No bidding,567.02
"Jan 21, 2025",288589,G5,Returning,0.05,No bidding,562.61
"Nov 16, 2024",264550,Z8,New,0.05,No bidding,561.74
"Oct 27, 2024",258946,G5,Returning,0.02,Bidding,560.87
"Aug 20, 2024",239006,G15,New,0.05,No bidding,560.87
"Apr 13, 2025",318100,G55,New,0.05,Bidding,559.13
"Jul 24, 2024",234144,Z88,Returning,0.02,No bidding,559.13
"Jul 28, 2024",234811,Z77,New,0.05,No bidding,555.65
"Oct 1, 2024",252262,Z27,New,0.05,Bidding,553.91
"Jul 29, 2025",350009,Z55,New,0.05,Bidding,552.17
"Mar 26, 2025",315024,G5,Returning,0.02,Bidding,551.3
"Apr 11, 2025",317569,G61,New,0.05,No bidding,551.3
"Jan 1, 2025",280980,Z35,Returning,0.02,Bidding,550.43
"Aug 2, 2024",235946,Z77,Returning,0.02,No bidding,548.7
"Jul 25, 2024",234367,Z40,New,0.05,Bidding,544.35
"Jun 20, 2025",336423,Z88,New,0.05,No bidding,542.61
"Aug 12, 2024",237855,G3,New,0.05,No bidding,540.87
"Nov 27, 2024",266762,G5,New,0.05,No bidding,540.87
"Aug 6, 2024",236833,Z27,New,0.05,No bidding,540.87
"Sep 15, 2024",246335,G5,New,0.05,No bidding,539.13
"Jul 16, 2024",232741,G1,New,0.05,No bidding,539.13
"May 14, 2025",326122,G5,New,0.05,No bidding,537.39
"Dec 11, 2024",271495,g4,New,0.05,Bidding,536.52
"Nov 24, 2024",266083,G5,New,0.05,No bidding,536.52
"Nov 16, 2024",264415,G5,New,0.05,Bidding,536.52
"Aug 31, 2024",241329,G5,New,0.05,No bidding,536.52
"Feb 24, 2025",303389,G95,Returning,0.05,Bidding,536.52
"Jul 8, 2025",343122,G61,New,0.05,Bidding,533.91
"Jan 2, 2025",281591,G5,New,0.05,No bidding,533.91
"Jul 16, 2024",232830,z38,New,0.05,No bidding,533.04
"Dec 24, 2024",276526,Z39,New,0.05,Bidding,532.17
"Sep 14, 2024",246045,Z60,New,0.05,No bidding,530.43
"Aug 28, 2024",240404,G15,New,0.05,No bidding,529.3
"Aug 6, 2024",236778,G3,Returning,0.02,No bidding,529.23
"Dec 26, 2024",277413,G5,New,0.05,No bidding,527.83
"Aug 11, 2024",237842,Z28,Returning,0.02,No bidding,526.96
"Aug 9, 2024",237275,Z27,New,0.05,No bidding,526.96
"Mar 3, 2025",307314,z48,New,0.05,Bidding,526.09
"Mar 5, 2025",308397,G61,New,0.05,Bidding,520
"Jan 23, 2025",288912,G5,Returning,0.05,No bidding,519.13
"Mar 20, 2025",313606,G5,Returning,0.02,No bidding,519.13
"Feb 25, 2025",304091,G5,Returning,0.05,No bidding,519.13
"Feb 16, 2025",299490,G5,Returning,0.05,No bidding,519.13
"Jul 31, 2024",235481,Z9,Returning,0.02,No bidding,518.26
"Jul 16, 2024",232871,Z1,New,0.05,No bidding,516.52
"Jan 3, 2025",281819,G5,Returning,0.02,No bidding,516.52
"Jul 20, 2024",233660,Z40,New,0.05,No bidding,516.52
"Dec 31, 2024",280078,Z75,New,0.05,No bidding,516.52
"Aug 11, 2024",237807,Z26,New,0.05,Bidding,513.04
"Aug 10, 2024",237632,Z27,Returning,0.02,No bidding,513.04
"Aug 31, 2024",241462,G5,New,0.05,No bidding,513.04
"Jul 16, 2024",233095,Z33,Returning,0.02,No bidding,513.04
"Jul 16, 2024",233114,z1,New,0.05,Bidding,511.3
"Feb 17, 2025",299872,G95,Returning,0.05,No bidding,508.97
"Dec 23, 2024",276114,Z7,New,0.05,Bidding,504.35
"Jun 19, 2025",336273,Z60,New,0.05,Bidding,503.48
"Jan 9, 2025",284742,Z66,New,0.05,Bidding,499.13
"Jan 1, 2025",281007,g4,New,0.05,Bidding,499.13
"Mar 11, 2025",310289,G61,New,0.05,No bidding,499.13
"Jul 4, 2025",341394,Z50,New,0.05,No bidding,499.13
"May 6, 2025",323828,G5,New,0.05,No bidding,499.13
"Mar 22, 2025",314235,G55,Returning,0.02,No bidding,499.13
"Feb 23, 2025",303117,Z48,Returning,0.05,No bidding,499.13
"Aug 2, 2024",235945,Z70,New,0.05,No bidding,498.96
"Mar 15, 2025",311875,G5,New,0.05,No bidding,498.26
"Mar 25, 2025",314904,G61,New,0.05,Bidding,498.26
"Jul 16, 2024",232805,Z40,Returning,0.02,No bidding,497.39
"Feb 28, 2025",305592,G5,New,0.05,Bidding,497.39
"Aug 18, 2025",357607,Z50,New,0.05,No bidding,495.65
"Sep 20, 2024",248129,G5,New,0.05,No bidding,494.78
"Jul 10, 2024",232470,Z53,New,0.05,No bidding,494.78
"Aug 2, 2024",235736,Z70,New,0.05,No bidding,494.78
"Dec 28, 2024",278338,G5,Returning,0.02,No bidding,494.78
"Aug 18, 2024",238779,Z31,New,0.05,Bidding,494.78
"Sep 6, 2024",243109,G5,Returning,0.02,No bidding,494.78
"May 27, 2025",329522,G5,New,0.05,Bidding,494.78
"Sep 30, 2024",251912,Z31,New,0.05,No bidding,493.91
"Oct 1, 2024",252607,Z77,New,0.05,No bidding,491.3
"Feb 1, 2025",292263,Z33,Returning,0.05,No bidding,490.43
"Sep 11, 2024",244923,Z28,Returning,0.02,No bidding,490.43
"Aug 3, 2024",236075,Z70,New,0.05,No bidding,489.57
"Aug 2, 2024",235840,Z70,Returning,0.02,No bidding,489.57
"Jul 21, 2024",233790,Z9,New,0.05,Bidding,489.57
"Aug 13, 2024",238141,Z27,New,0.05,No bidding,489.57
"Jul 11, 2024",232596,Z40,Returning,0.02,No bidding,489.57
"Oct 2, 2024",252680,Z28,New,0.05,No bidding,486.96
"Nov 3, 2024",261141,Z31,New,0.05,No bidding,486.31
"Jan 6, 2025",283705,G5,New,0.05,Bidding,486.09
"Jul 9, 2024",232313,Z38,New,0.05,No bidding,485.22
"Jan 2, 2025",281500,G5,New,0.05,No bidding,482.61
"Mar 17, 2025",312365,G55,New,0.05,No bidding,481.74
"Mar 18, 2025",312943,G99,Returning,0.02,Bidding,481.74
"Mar 16, 2025",312306,G61,New,0.05,Bidding,481.74
"Mar 6, 2025",308692,G5,New,0.05,No bidding,481.74
"Aug 25, 2024",239714,G5,New,0.05,No bidding,480.87
"Nov 11, 2024",263300,G5,Returning,0.02,No bidding,480.87
"Aug 24, 2024",239665,G99,New,0.05,No bidding,479.13
"Jan 10, 2025",285174,G5,New,0.05,No bidding,479.13
"Oct 2, 2024",252679,G5,New,0.05,No bidding,478.26
"Sep 29, 2024",251531,Z28,New,0.05,No bidding,478.26
"Dec 31, 2024",280313,G5,New,0.05,No bidding,477.39
"Apr 19, 2025",319315,G5,Returning,0.02,Bidding,477.39
"May 22, 2025",328253,G5,New,0.05,Bidding,476.52
"Sep 9, 2024",244176,G3,Returning,0.02,No bidding,476.52
"Nov 16, 2024",264342,G5,Returning,0.02,No bidding,475.65
"Dec 23, 2024",276195,G5,New,0.05,No bidding,474.78
"Sep 11, 2024",245095,Z88,New,0.05,Bidding,474.78
"Dec 9, 2024",271033,G95,New,0.05,Bidding,474.78
"Jan 7, 2025",284013,Z60,New,0.05,Bidding,473.04
"Dec 22, 2024",275891,g4,New,0.05,No bidding,472.17
"Jul 10, 2024",232484,Z3,Returning,0.02,No bidding,470.43
"Aug 15, 2024",238338,Z7,New,0.05,Bidding,467.83
"Jul 9, 2024",232354,Z1,New,0.05,Bidding,462.61
"Sep 16, 2024",246996,G5,New,0.05,Bidding,460.87
"Jul 23, 2024",234042,Z77,New,0.05,No bidding,457.39
"Oct 23, 2024",258064,G5,New,0.05,No bidding,457.39
"Dec 25, 2024",276997,G5,Returning,0.02,No bidding,455.91
"Dec 25, 2024",276996,G5,Returning,0.02,No bidding,455.91
"Jan 17, 2025",287412,G5,Returning,0.05,No bidding,455.65
"Jan 14, 2025",286530,G15,Returning,0.05,Bidding,455.65
"Jan 4, 2025",282581,Z33,New,0.05,No bidding,455.65
"Aug 1, 2024",235568,Z70,New,0.05,No bidding,455.65
"Aug 9, 2024",237348,Z27,Returning,0.02,No bidding,455.65
"Mar 9, 2025",309853,G5,New,0.05,No bidding,455.65
"Nov 7, 2024",262169,G5,New,0.05,No bidding,453.91
"Sep 21, 2024",248441,G5,New,0.05,No bidding,453.91
"Nov 15, 2024",264096,G5,Returning,0.02,Bidding,453.91
"Nov 6, 2024",262002,G5,New,0.05,Bidding,453.91
"Oct 13, 2024",256393,Z28,New,0.05,No bidding,453.91
"Dec 2, 2024",268213,G5,Returning,0.02,No bidding,451.48
"Jul 18, 2024",233456,Z1,Returning,0.02,No bidding,451.3
"Sep 6, 2024",243187,Z31,Returning,0.02,No bidding,450.43
"Mar 7, 2025",309219,G5,New,0.05,No bidding,450
"Aug 27, 2024",240114,Z27,New,0.05,No bidding,446.52
"Aug 13, 2024",238051,Z27,New,0.05,No bidding,444.35
"May 2, 2025",322589,G5,Returning,0.02,Bidding,444.35
"Nov 15, 2024",264108,G99,New,0.05,Bidding,444.35
"Aug 28, 2024",240521,G5,Returning,0.02,Bidding,443.08
"Apr 26, 2025",320926,G55,New,0.05,Bidding,439.13
"Dec 18, 2024",274444,G5,New,0.05,No bidding,438.26
"Apr 22, 2025",320146,G5,New,0.05,No bidding,438.26
"Sep 18, 2024",247430,G5,New,0.05,Bidding,437.39
"Aug 9, 2024",237417,Z26,New,0.05,No bidding,436.52
"Mar 19, 2025",313179,G61,New,0.05,No bidding,436.52
"Jul 1, 2025",340199,G15,New,0.05,No bidding,433.91
"Apr 3, 2025",315974,Z40,New,0.05,Bidding,433.91
"Jul 2, 2025",340554,G15,New,0.05,No bidding,433.91
"Jun 28, 2025",338667,G9,New,0.05,Bidding,433.91
"Apr 27, 2025",321211,G5,New,0.05,No bidding,433.91
"Apr 19, 2025",319443,G5,New,0.05,No bidding,433.91
"May 11, 2025",325536,G55,New,0.05,Bidding,433.91
"Aug 23, 2024",239430,z33,New,0.05,No bidding,433.04
"Sep 10, 2024",244416,Z28,New,0.05,Bidding,433.04
"Nov 10, 2024",262822,Z27,New,0.05,Bidding,433.04
"Nov 2, 2024",260987,G5,New,0.05,Bidding,433.04
"Oct 3, 2024",253271,Z28,New,0.05,No bidding,433.04
"Jul 10, 2024",232498,Z3,New,0.05,No bidding,433.04
"Sep 30, 2024",251907,Z33,New,0.05,No bidding,433.04
"Mar 15, 2025",311716,G61,New,0.05,No bidding,432.17
"Feb 27, 2025",305339,G5,Returning,0.05,No bidding,432.17
"Feb 27, 2025",304895,G5,Returning,0.05,No bidding,432.17
"Feb 20, 2025",301432,G5,Returning,0.05,No bidding,432.17
"Aug 17, 2024",238697,Z26,New,0.05,No bidding,431.3
"Aug 27, 2024",240365,G5,New,0.05,Bidding,429.57
"Jul 16, 2024",233266,Z1,New,0.05,No bidding,429.57
"Mar 6, 2025",308575,z7,New,0.05,No bidding,429.56
"Apr 17, 2025",318884,G61,Returning,0.02,No bidding,428.7
"Aug 27, 2024",240314,G10,New,0.05,No bidding,427.39
"Feb 2, 2025",292795,G4,Returning,0.05,No bidding,426.96
"Jul 31, 2025",350766,G95,New,0.05,Bidding,426.96
"Sep 14, 2024",245904,G15,New,0.05,No bidding,425.22
"Jul 8, 2024",232222,G3,Returning,0.02,Bidding,425.22
"Nov 1, 2024",260594,G5,Returning,0.02,No bidding,424.35
"Aug 26, 2024",239847,Z31,New,0.05,No bidding,423.48
"Aug 24, 2024",239551,G5,Returning,0.02,No bidding,422.61
"Jan 24, 2025",289221,Z88,Returning,0.02,No bidding,422.61
"Aug 14, 2024",238310,Z27,New,0.05,No bidding,422.61
"Apr 2, 2025",315800,G44,Returning,0.02,Bidding,420
"Sep 12, 2024",245254,Z28,New,0.05,Bidding,419.13
"Nov 30, 2024",267788,G4,New,0.05,No bidding,419.13
"Oct 22, 2024",257842,Z28,Returning,0.02,No bidding,417.39
"Oct 27, 2024",258963,Z28,New,0.05,No bidding,416.52
"Feb 27, 2025",304724,G5,Returning,0.05,No bidding,415.65
"Sep 11, 2024",244732,G5,New,0.05,No bidding,415
"Aug 24, 2024",239652,Z88,New,0.05,Bidding,413.04
"Nov 29, 2024",267214,G95,New,0.05,No bidding,413.04
"Jan 27, 2025",289967,G5,Returning,0.05,Bidding,412.17
"Jan 26, 2025",289764,G5,Returning,0.05,No bidding,412.17
"Jan 1, 2025",280758,G5,New,0.05,No bidding,412.17
"Dec 25, 2024",277125,G5,New,0.05,No bidding,412.17
"Dec 24, 2024",276450,Z39,New,0.05,Bidding,412.17
"Aug 16, 2024",238556,Z27,New,0.05,No bidding,412.17
"Dec 17, 2024",274015,G5,New,0.05,No bidding,412.17
"Dec 7, 2024",270290,G15,Returning,0.02,No bidding,412.17
"Nov 20, 2024",265329,G95,New,0.05,Bidding,412.17
"Mar 27, 2025",315129,G5,New,0.05,No bidding,412.17
"Jul 26, 2025",348994,Z5,New,0.05,No bidding,412.17
"Nov 6, 2024",261910,G5,New,0.05,Bidding,412.17
"Nov 2, 2024",261052,g5,New,0.05,No bidding,412.17
"Jun 9, 2025",333141,G5,New,0.05,Bidding,412.17
"Jun 13, 2025",334400,G5,New,0.05,No bidding,412.17
"Jun 3, 2025",331713,G5,New,0.05,No bidding,412.17
"Oct 26, 2024",258781,G5,New,0.05,No bidding,412.17
"Apr 29, 2025",321844,G15,Returning,0.02,Bidding,412.17
"Apr 25, 2025",320784,G5,Returning,0.02,No bidding,412.17
"Jun 11, 2025",333831,G5,New,0.05,No bidding,412.17
"Apr 4, 2025",316211,G5,New,0.05,No bidding,412.17
"Jun 10, 2025",333504,G5,New,0.05,No bidding,412.17
"Jun 14, 2025",334708,G5,New,0.05,No bidding,412.17
"Feb 6, 2025",294941,Z7,Returning,0.05,Bidding,411.3
"May 28, 2025",329901,G61,New,0.05,No bidding,411.3
"Aug 25, 2024",239766,Z88,New,0.05,No bidding,410.43
"Dec 31, 2024",280202,G5,New,0.05,No bidding,408.7
"Feb 26, 2025",304668,G5,Returning,0.05,No bidding,408.7
"Jul 31, 2025",350957,G44,New,0.05,No bidding,408.7
"Aug 6, 2024",236806,Z33,New,0.05,Bidding,408.7
"Sep 22, 2024",248878,z26,New,0.05,No bidding,407.83
"Nov 9, 2024",262781,G5,New,0.05,Bidding,407.83
"Oct 28, 2024",259510,Z31,Returning,0.02,No bidding,407.83
"Sep 4, 2024",242349,Z66,New,0.05,No bidding,407.83
"Sep 1, 2024",241581,G5,New,0.05,No bidding,407.83
"Aug 31, 2024",241267,Z27,New,0.05,Bidding,407.83
"Sep 28, 2024",250707,Z31,New,0.05,No bidding,407.83
"Apr 10, 2025",317365,G5,New,0.05,No bidding,406.78
"Feb 12, 2025",297441,G5,Returning,0.05,No bidding,405.26
"Sep 7, 2024",243266,G5,New,0.05,Bidding,405.26
"May 28, 2025",329814,G5,New,0.05,Bidding,405.26
"Oct 18, 2024",257137,Z28,New,0.05,Bidding,405.26
"Aug 30, 2024",241222,G3,New,0.05,Bidding,405.26
"Aug 22, 2024",239423,Z27,New,0.05,No bidding,404.35
"Dec 7, 2024",270411,G5,Returning,0.02,No bidding,404.35
"Nov 26, 2024",266558,Z39,New,0.05,No bidding,404.35
"Nov 23, 2024",265926,Z7,Returning,0.02,No bidding,404.35
"Nov 2, 2024",260995,Z31,Returning,0.02,No bidding,404.35
"Mar 29, 2025",315412,G5,New,0.05,Bidding,404.26
"Oct 5, 2024",254066,Z27,Returning,0.02,No bidding,403.48
"Aug 7, 2024",236958,G3,New,0.05,Bidding,402.57
"Jul 23, 2024",234047,Z88,New,0.05,No bidding,400.87
"Sep 6, 2025",366523,G9,New,0.05,Bidding,400.87
"Sep 7, 2024",243450,Z33,New,0.05,No bidding,397.39
"Jul 19, 2024",233589,Z44,Returning,0.02,Bidding,395.65
"Dec 25, 2024",277156,G5,New,0.05,No bidding,395.11
"Sep 24, 2024",249630,G3,New,0.05,No bidding,394.78
"Feb 21, 2025",301953,G95,Returning,0.05,Bidding,393.93
"Sep 22, 2024",249044,Z26,Returning,0.02,Bidding,393.04
"Mar 18, 2025",312761,G5,New,0.05,No bidding,392.17
"Nov 13, 2024",263663,G5,New,0.05,No bidding,391.3
"Oct 17, 2024",257071,G99,New,0.05,No bidding,391.3
"Mar 29, 2025",315392,G5,Returning,0.02,No bidding,390.43
"Jan 8, 2025",284443,Z48,New,0.05,Bidding,387.83
"Dec 7, 2024",270353,G95,New,0.05,No bidding,387.83
"Dec 2, 2024",268214,G5,New,0.05,No bidding,387.83
"Nov 4, 2024",261446,G5,New,0.05,Bidding,387.83
"Aug 21, 2024",239266,Z88,New,0.05,Bidding,386.09
"Nov 23, 2024",265850,G5,New,0.05,No bidding,386.09
"Jan 7, 2025",284007,G5,New,0.05,No bidding,380
"Sep 14, 2024",246168,Z31,Returning,0.02,No bidding,379.13
"Jan 1, 2025",280961,G5,New,0.05,No bidding,375.65
"Dec 26, 2024",277322,G5,New,0.05,No bidding,375.65
"Jan 22, 2025",288873,G5,Returning,0.05,Bidding,374.78
"Jul 31, 2025",350796,Z99,New,0.05,No bidding,372.17
"Feb 9, 2025",296137,G5,Returning,0.05,Bidding,371.3
"Jun 10, 2025",333644,G5,New,0.05,No bidding,371.3
"Jun 14, 2025",334710,G5,New,0.05,No bidding,371.3
"Sep 3, 2024",242005,Z31,New,0.05,Bidding,371.3
"May 21, 2025",327989,G5,New,0.05,No bidding,371.3
"Mar 14, 2025",311381,Z60,New,0.05,No bidding,371.3
"Dec 23, 2024",276066,G5,Returning,0.02,No bidding,371.27
"Feb 26, 2025",304705,G5,Returning,0.02,No bidding,370.43
"Jul 6, 2025",342044,G61,New,0.05,Bidding,369.57
"Feb 6, 2025",294826,G5,Returning,0.02,No bidding,368.7
"Jan 9, 2025",284749,Z39,New,0.05,No bidding,368.7
"Dec 29, 2024",279342,G5,New,0.05,Bidding,368.7
"Aug 10, 2024",237591,z27,New,0.05,No bidding,367.83
"Sep 8, 2024",243889,G5,New,0.05,No bidding,367.66
"Sep 8, 2024",243867,Z1,New,0.05,Bidding,365.22
"Jul 28, 2025",349656,G44,New,0.05,Bidding,363.48
"Dec 2, 2024",268293,Z7,New,0.05,No bidding,361.74
"Oct 22, 2024",257932,Z28,New,0.05,Bidding,361.74
"Apr 24, 2025",320645,G55,New,0.05,No bidding,361.66
"Jun 3, 2025",331851,G5,New,0.05,No bidding,361.43
"Oct 6, 2024",254296,G5,New,0.05,No bidding,357.39
"Feb 12, 2025",297634,Z66,Returning,0.05,Bidding,357.39
"Feb 5, 2025",294272,G5,Returning,0.05,Bidding,354.78
"Sep 2, 2024",null,G99,New,0.05,No bidding,354.78
"Dec 29, 2024",278954,G5,Returning,0.02,No bidding,353.04
"Feb 26, 2025",304573,G9,Returning,0.05,No bidding,351.3
"Dec 26, 2024",277353,G5,Returning,0.02,Bidding,350.43
"Dec 22, 2024",275829,Z60,New,0.05,Bidding,350.43
"Mar 1, 2025",306637,G99,New,0.05,Bidding,348.7
"Aug 17, 2024",238649,G3,Returning,0.02,No bidding,346.96
"Sep 9, 2024",244000,G5,New,0.05,Bidding,346.96
"May 12, 2025",325584,G5,Returning,0.02,No bidding,346.52
"Nov 29, 2024",267430,G5,New,0.05,No bidding,346.09
"Apr 7, 2025",316840,G44,Returning,0.02,No bidding,346.09
"Feb 14, 2025",298585,G5,Returning,0.02,No bidding,346.09
"May 28, 2025",329856,G5,New,0.05,No bidding,345.22
"May 2, 2025",322888,Z60,New,0.05,No bidding,345.22
"Dec 18, 2024",274447,G5,Returning,0.02,No bidding,344.3
"Dec 23, 2024",276145,G15,New,0.05,No bidding,342.61
"Feb 24, 2025",303413,G5,Returning,0.05,No bidding,340.34
"Aug 4, 2024",236385,Z26,Returning,0.02,Bidding,339.13
"Sep 10, 2024",244434,Z26,New,0.05,No bidding,338.26
"Sep 28, 2024",250718,Z51,New,0.05,No bidding,337.43
"Aug 11, 2024",237802,Z7,New,0.05,Bidding,334.78
"Aug 10, 2024",237470,Z26,New,0.05,Bidding,333.91
"Aug 8, 2024",237165,Z28,New,0.05,No bidding,333.91
"Sep 12, 2024",245402,Z28,New,0.05,No bidding,332.17
"Jul 23, 2024",234106,Z1,New,0.05,Bidding,331.3
"Oct 29, 2024",259748,Z28,New,0.05,No bidding,330.43
"Feb 10, 2025",296850,G5,Returning,0.05,No bidding,329.57
"Jan 16, 2025",287262,Z66,Returning,0.05,No bidding,329.57
"Sep 14, 2024",246013,G5,New,0.05,Bidding,329.57
"Jul 19, 2024",233626,Z88,New,0.05,Bidding,329.57
"Dec 23, 2024",276193,Z60,New,0.05,No bidding,329.57
"Jul 30, 2024",235317,Z7,Returning,0.02,Bidding,329.57
"Jul 29, 2025",349970,G61,New,0.05,Bidding,329.57
"Sep 4, 2024",242517,G5,New,0.05,No bidding,329.57
"Oct 20, 2024",257483,Z28,Returning,0.02,Bidding,329.57
"Oct 2, 2024",252726,Z33,New,0.05,No bidding,329.57
"Feb 28, 2025",306042,G5,New,0.02,Bidding,329.57
"Aug 4, 2024",236257,Z28,New,0.05,No bidding,329.57
"Feb 19, 2025",301089,G5,Returning,0.05,Bidding,329.57
"Sep 28, 2024",250753,G5,Returning,0.02,No bidding,329.57
"Dec 27, 2024",278073,G5,New,0.05,No bidding,328.7
"Sep 10, 2024",244664,G5,New,0.05,No bidding,328.7
"Aug 11, 2024",237686,Z26,New,0.05,Bidding,328.7
"May 22, 2025",328195,G61,Returning,0.02,No bidding,328.7
"Sep 25, 2024",249820,Z28,Returning,0.02,No bidding,326.09
"Sep 22, 2024",248745,G3,Returning,0.02,Bidding,326.09
"Sep 22, 2024",248752,G5,New,0.05,No bidding,325.22
"Sep 14, 2024",245817,G5,New,0.05,No bidding,325.22
"Sep 11, 2024",245001,G5,New,0.05,Bidding,325.22
"Sep 9, 2024",244042,G5,New,0.05,Bidding,325.22
"Oct 12, 2024",256054,Z26,New,0.05,No bidding,325.22
"Oct 8, 2024",255004,G5,New,0.05,No bidding,325.22
"Sep 27, 2024",250503,G3,New,0.05,No bidding,325.22
"Feb 28, 2025",305769,Z84,Returning,0.05,Bidding,323.48
"Nov 25, 2024",266236,Z39,Returning,0.02,Bidding,321.74
"Mar 15, 2025",311862,G55,New,0.05,No bidding,321.74
"Feb 22, 2025",302523,G5,Returning,0.05,No bidding,321.74
"Aug 26, 2024",239922,Z26,New,0.05,No bidding,321.74
"Aug 28, 2024",240547,Z88,New,0.05,No bidding,320.87
"Sep 6, 2024",243199,Z77,New,0.05,Bidding,320
"Sep 5, 2024",242663,G90,New,0.05,No bidding,320
"Jun 13, 2025",334333,G5,New,0.05,Bidding,320
"Sep 26, 2024",250012,G5,New,0.05,No bidding,319.13
"Jan 29, 2025",290962,G15,Returning,0.05,Bidding,319.13
"Jul 29, 2025",350252,G61,New,0.05,No bidding,319.13
"Jan 10, 2025",285028,G5,Returning,0.02,No bidding,319.13
"Sep 15, 2024",246515,Z26,New,0.05,No bidding,319.13
"Dec 31, 2024",280261,G5,New,0.05,No bidding,319.13
"Sep 14, 2024",246095,G5,New,0.05,No bidding,319.13
"Dec 8, 2024",270556,Z66,New,0.05,No bidding,319.13
"Dec 8, 2024",270624,Z33,Returning,0.02,No bidding,319.13
"Jul 30, 2024",235320,Z70,New,0.05,No bidding,319.13
"Aug 15, 2025",356591,G61,Returning,0.02,No bidding,319.13
"Sep 5, 2024",242735,G3,New,0.05,Bidding,319.13
"Jun 21, 2025",336698,G61,New,0.05,No bidding,319.13
"Jun 14, 2025",334952,G5,New,0.05,Bidding,319.13
"Jun 10, 2025",333356,Z55,Returning,0.02,No bidding,319.13
"May 15, 2025",326397,Z88,Returning,0.02,No bidding,319.13
"May 11, 2025",325401,G5,New,0.05,Bidding,319.13
"Apr 28, 2025",321641,G44,New,0.05,Bidding,319.13
"Apr 10, 2025",317441,G5,New,0.05,Bidding,319.13
"Apr 5, 2025",316437,G10,New,0.05,No bidding,319.13
"Mar 17, 2025",312674,G5,New,0.05,Bidding,319.13
"Jul 10, 2025",343862,z55,New,0.05,Bidding,319.13
"Aug 3, 2024",236146,G3,Returning,0.02,No bidding,319.13
"Aug 16, 2024",238617,Z33,Returning,0.02,No bidding,318.26
"Dec 20, 2024",274927,G5,New,0.05,Bidding,318.26
"Jul 29, 2024",234917,Z8,New,0.05,No bidding,318.26
"Feb 21, 2025",301597,G5,Returning,0.05,Bidding,318.26
"Oct 27, 2024",259122,G5,Returning,0.02,No bidding,317.39
"Mar 1, 2025",306251,G5,New,0.05,Bidding,314.78
"Feb 14, 2025",298848,G5,Returning,0.05,No bidding,314.78
"Jan 30, 2025",291457,G5,Returning,0.02,Bidding,313.91
"Jun 5, 2024",227479,G10,New,0.05,No bidding,313.04
"Mar 3, 2025",307563,G5,New,0.05,No bidding,313.04
"Oct 30, 2024",260036,G5,Returning,0.02,Bidding,312.17
"Aug 2, 2024",235881,Z7,New,0.05,Bidding,311.48
"Sep 22, 2024",248837,G5,New,0.05,No bidding,311.3
"Jul 16, 2024",233168,Z40,Returning,0.02,No bidding,311.3
"Apr 9, 2025",317232,G5,New,0.05,No bidding,311.3
"Nov 29, 2024",267237,G5,New,0.05,No bidding,309.57
"Sep 17, 2024",247143,G5,New,0.05,No bidding,308.7
"Aug 27, 2024",240090,Z31,New,0.05,Bidding,306.96
"Jul 10, 2024",232464,Z33,New,0.05,No bidding,305.22
"Jul 9, 2024",232309,G2,New,0.05,No bidding,305.22
"Dec 2, 2024",268395,G99,Returning,0.02,No bidding,305.22
"Aug 2, 2024",235850,Z70,New,0.05,No bidding,304.09
"Aug 14, 2024",238303,G15,New,0.05,Bidding,302.61
"May 9, 2025",324924,G5,New,0.05,No bidding,302.61
"Aug 3, 2025",352157,G61,New,0.05,Bidding,300.87
"Aug 23, 2024",239462,G5,New,0.05,Bidding,300
"Feb 1, 2025",292498,G4,Returning,0.02,Bidding,297.39
"Dec 14, 2024",272930,G5,New,0.05,Bidding,296.52
"May 27, 2025",329622,G5,New,0.05,No bidding,296.52
"May 25, 2025",329203,G5,New,0.05,No bidding,296.52
"Oct 13, 2024",256283,Z88,New,0.05,Bidding,296.52
"Nov 5, 2024",261688,G5,New,0.05,Bidding,296.52
"Feb 14, 2025",298827,G5,Returning,0.05,Bidding,296.52
"Jul 18, 2024",233511,Z66,New,0.05,No bidding,295.65
"Jul 10, 2025",343847,Z50,Returning,0.02,No bidding,295.65
"Feb 26, 2025",304369,G5,Returning,0.05,No bidding,295.65
"Sep 28, 2024",250976,G5,New,0.05,No bidding,295.65
"May 22, 2025",328298,Z5,New,0.05,No bidding,291.79
"Jul 28, 2025",349638,Z5,New,0.05,No bidding,291.3
"Mar 3, 2025",307246,G5,New,0.05,Bidding,291.3
"Feb 5, 2025",294375,G5,Returning,0.05,No bidding,288.7
"Jan 5, 2025",283176,G95,New,0.05,Bidding,288.7
"Dec 20, 2024",274913,G5,New,0.05,No bidding,288.7
"Nov 14, 2024",263850,Z28,New,0.05,Bidding,288.7
"Jul 10, 2025",343819,G61,New,0.05,No bidding,288.7
"Apr 23, 2025",320417,G5,New,0.05,No bidding,288.7
"Oct 4, 2024",253629,g99,New,0.05,Bidding,288.7
"Jan 10, 2025",285104,G5,Returning,0.02,Bidding,287.84
"Dec 4, 2024",269032,G5,New,0.05,No bidding,285.22
"Nov 16, 2024",264426,G5,Returning,0.02,No bidding,285.22
"Sep 5, 2024",242612,Z28,New,0.05,Bidding,284.4
"Sep 29, 2024",251279,Z33,New,0.05,No bidding,283.48
"May 27, 2025",329783,G61,New,0.05,No bidding,282.61
"Jun 8, 2025",332864,Z1,New,0.05,Bidding,280.87
"Jan 7, 2025",283838,G5,New,0.05,Bidding,280
"Oct 1, 2024",252231,Z28,Returning,0.02,No bidding,280
"Mar 5, 2025",308020,G5,New,0.05,Bidding,279.13
"Oct 1, 2024",252421,Z27,New,0.05,No bidding,276.7
"Oct 1, 2024",252550,Z28,New,0.05,No bidding,275.65
"Sep 16, 2024",246841,G5,New,0.05,No bidding,273.91
"Jan 9, 2025",284877,G95,Returning,0.02,Bidding,272.17
"Aug 29, 2025",362052,Z39,Returning,0.02,No bidding,272.17
"Aug 12, 2025",355534,G61,New,0.05,No bidding,272.17
"Jul 24, 2025",348227,G61,Returning,0.02,No bidding,272.17
"May 18, 2025",327246,G5,New,0.05,No bidding,272.17
"May 6, 2025",323939,G5,Returning,0.02,No bidding,272.17
"Apr 23, 2025",320472,G5,New,0.05,Bidding,272.17
"Oct 11, 2024",255911,Z60,New,0.05,Bidding,272.17
"Oct 6, 2024",254565,G5,New,0.05,No bidding,272.17
"Feb 26, 2025",304333,G5,Returning,0.05,No bidding,272.17
"Sep 15, 2024",246587,Z28,New,0.05,No bidding,271.3
"Oct 13, 2024",256237,G5,New,0.05,No bidding,271.3
"Sep 20, 2024",248187,Z51,Returning,0.02,Bidding,268.7
"Dec 31, 2024",280139,G5,New,0.05,No bidding,268.7
"Jul 26, 2024",234410,Z27,New,0.05,No bidding,268.7
"Feb 8, 2025",295879,G5,Returning,0.02,No bidding,266.09
"Jan 23, 2025",288911,G15,Returning,0.05,No bidding,266.09
"Feb 27, 2025",304890,G5,Returning,0.05,No bidding,266.09
"Sep 11, 2024",244835,Z28,Returning,0.02,No bidding,264.76
"Aug 1, 2024",235630,Z70,New,0.05,No bidding,264.35
"Dec 24, 2024",276661,G5,New,0.05,No bidding,264.35
"Dec 23, 2024",276284,Z60,New,0.05,No bidding,264.35
"Sep 4, 2024",242364,G5,Returning,0.02,Bidding,264.35
"Oct 18, 2024",257182,Z28,New,0.05,No bidding,264.35
"Sep 16, 2024",246843,G5,New,0.05,No bidding,263.48
"Dec 29, 2024",279043,G5,New,0.05,No bidding,263.48
"Dec 23, 2024",276185,G5,Returning,0.02,No bidding,263.48
"Dec 9, 2024",271050,Z15,New,0.05,No bidding,263.48
"Sep 10, 2024",244363,Z28,Returning,0.02,No bidding,263.48
"Nov 4, 2024",261454,G5,New,0.05,No bidding,263.48
"Oct 2, 2024",252809,Z27,New,0.05,No bidding,263.48
"Mar 4, 2025",307594,G44,New,0.05,No bidding,263.48
"Jan 28, 2025",290728,G5,Returning,0.02,No bidding,262.61
"Jul 31, 2024",235397,Z77,New,0.05,No bidding,262.1
"Oct 28, 2024",259536,Z7,New,0.05,No bidding,260
"May 12, 2025",325573,G5,New,0.05,No bidding,260
"Aug 1, 2024",235715,Z70,New,0.05,No bidding,257.39
"Feb 7, 2025",295423,G5,Returning,0.05,No bidding,255.65
"Feb 5, 2025",294170,G5,Returning,0.05,No bidding,255.65
"Jan 30, 2025",291487,G5,Returning,0.05,No bidding,255.65
"Jul 31, 2025",351024,Z80,New,0.05,No bidding,255.65
"Sep 2, 2024",241839,G5,Returning,0.02,No bidding,255.65
"Jul 28, 2024",234844,Z88,Returning,0.02,No bidding,255.65
"Jul 16, 2024",233079,Z33,Returning,0.02,Bidding,255.65
"Jul 23, 2024",234122,Z40,New,0.05,No bidding,255.65
"Mar 14, 2025",311219,G5,New,0.05,No bidding,254.43
"Aug 15, 2024",238411,Z28,New,0.05,No bidding,253.91
"Mar 14, 2025",311167,Z77,New,0.05,No bidding,253.04
"Aug 31, 2024",241268,Z26,Returning,0.02,No bidding,252.17
"Oct 18, 2024",257247,G5,New,0.05,No bidding,251.3
"Oct 7, 2024",254828,Z1,New,0.05,No bidding,251.3
"Sep 26, 2024",250094,G5,New,0.05,Bidding,247.83
"Feb 1, 2025",292557,G5,Returning,0.05,No bidding,246.96
"Jan 13, 2025",286241,G15,New,0.05,No bidding,246.96
"Jan 7, 2025",283944,Z39,New,0.05,No bidding,246.96
"Dec 14, 2024",272968,G5,New,0.05,Bidding,246.96
"Dec 1, 2024",267923,Z9,New,0.05,No bidding,246.96
"Sep 9, 2024",243999,Z28,New,0.05,No bidding,246.96
"Aug 11, 2024",237680,Z27,New,0.05,No bidding,246.96
"Jul 29, 2024",235032,Z88,New,0.05,No bidding,246.96
"Nov 4, 2024",261302,G5,Returning,0.02,No bidding,246.96
"Jul 7, 2025",342842,G61,New,0.05,Bidding,246.96
"Jul 1, 2025",340074,Z5,New,0.05,No bidding,246.96
"Oct 23, 2024",258088,Z28,New,0.05,No bidding,246.96
"Apr 20, 2025",319743,G61,Returning,0.02,Bidding,246.96
"Apr 18, 2025",319108,G5,New,0.05,No bidding,246.96
"Aug 31, 2024",241313,Z28,New,0.05,Bidding,246.96
"Mar 17, 2025",312658,G61,New,0.05,No bidding,246.96
"Mar 16, 2025",312017,G5,New,0.05,No bidding,246.96
"Mar 6, 2025",308485,G5,Returning,0.02,Bidding,246.96
"Feb 27, 2025",304866,Z7,Returning,0.05,No bidding,246.96
"Feb 26, 2025",304623,G5,Returning,0.05,No bidding,246.96
"Oct 14, 2024",256555,G5,Returning,0.02,No bidding,246.09
"Sep 9, 2024",244094,Z27,Returning,0.02,No bidding,243.48
"Sep 4, 2024",242506,G3,New,0.05,No bidding,243.48
"Jun 27, 2025",338331,G61,New,0.05,No bidding,243.48
"May 30, 2025",330554,G5,New,0.05,Bidding,243.48
"Oct 12, 2024",256151,G5,Returning,0.02,No bidding,243.48
"Oct 31, 2024",260338,Z99,Returning,0.02,No bidding,243.16
"Oct 26, 2024",258818,Z28,New,0.05,Bidding,243.16
"Oct 15, 2024",256688,Z31,Returning,0.02,Bidding,243.16
"Sep 2, 2024",241750,Z28,New,0.05,No bidding,243.03
"Sep 10, 2024",244608,G5,New,0.05,No bidding,242.61
"Sep 7, 2024",243262,Z31,Returning,0.02,No bidding,242.61
"Sep 7, 2024",243256,Z88,New,0.05,Bidding,242.61
"Sep 5, 2024",242736,G99,New,0.05,Bidding,242.61
"Sep 4, 2024",242484,Z31,New,0.05,No bidding,242.61
"Sep 3, 2024",242010,G5,New,0.05,No bidding,242.61
"Aug 30, 2024",241092,Z26,New,0.05,No bidding,242.61
"Sep 4, 2024",242240,Z88,New,0.05,No bidding,242.61
"Aug 18, 2024",238798,Z27,Returning,0.02,No bidding,241.74
"Aug 16, 2024",238518,Z27,New,0.05,No bidding,240.99
"Dec 4, 2024",268919,G5,New,0.05,No bidding,239.13
"Nov 21, 2024",265543,G5,New,0.05,No bidding,239.13
"Sep 6, 2024",242948,Z31,New,0.05,Bidding,239.13
"Apr 22, 2025",320235,G61,New,0.05,Bidding,239.13
"Sep 10, 2024",244535,G3,New,0.05,Bidding,237.39
"Feb 25, 2025",303772,Z9,Returning,0.05,No bidding,235.65
"Jan 26, 2025",289795,G5,Returning,0.05,No bidding,234.78
"Jan 4, 2025",282604,G5,New,0.05,Bidding,234.78
"May 27, 2025",329724,G5,Returning,0.02,No bidding,234.78
"Mar 22, 2025",314023,G55,New,0.05,No bidding,234.78
"Sep 15, 2024",246431,G5,New,0.05,Bidding,232.17
"Oct 22, 2024",257961,Z31,New,0.05,Bidding,230.92
"Jul 7, 2025",342737,G61,New,0.05,No bidding,230.43
"Oct 29, 2024",259729,G5,New,0.05,No bidding,230.43
"Sep 15, 2024",246411,G1,Returning,0.02,No bidding,227.45
"Sep 28, 2024",250793,Z27,New,0.05,No bidding,226.96
"May 16, 2025",326673,G5,Returning,0.02,No bidding,226.65
"Aug 26, 2024",239900,Z28,New,0.05,No bidding,226.09
"Aug 2, 2024",235767,Z88,New,0.05,Bidding,225.22
"May 11, 2025",325551,G55,New,0.05,No bidding,225.22
"Oct 1, 2024",252414,Z27,New,0.05,No bidding,223.48
"Nov 4, 2024",261549,G15,New,0.05,No bidding,222.61
"Aug 9, 2024",237293,Z26,New,0.05,No bidding,222.61
"Sep 6, 2024",242983,G5,New,0.05,No bidding,221.74
"Jan 11, 2025",285680,G5,New,0.05,No bidding,220.87
"Sep 6, 2024",243105,G5,Returning,0.02,Bidding,220.87
"Dec 27, 2024",277788,G95,New,0.05,No bidding,219.66
"Feb 5, 2025",294275,G5,Returning,0.02,Bidding,219.13
"Aug 2, 2024",235932,Z70,New,0.05,No bidding,219.13
"Aug 9, 2024",237286,Z31,Returning,0.02,Bidding,219.13
"Nov 19, 2024",265228,G5,New,0.05,Bidding,215.3
"Sep 21, 2024",248681,Z26,New,0.05,No bidding,213.91
"Jul 11, 2024",232602,Z40,Returning,0.02,No bidding,213.91
"Sep 23, 2024",249187,Z51,Returning,0.02,No bidding,213.04
"Jul 10, 2024",232440,Z1,Returning,0.02,No bidding,209.57
"Nov 5, 2024",261572,Z28,New,0.05,No bidding,209.57
"May 10, 2025",325209,G44,New,0.05,Bidding,208.3
"May 6, 2025",323942,G55,New,0.05,Bidding,208.3
"Jan 1, 2025",280764,G5,New,0.05,No bidding,207.83
"Jan 5, 2025",283125,G5,New,0.05,No bidding,207.08
"Dec 29, 2024",278944,G5,New,0.05,No bidding,206.96
"Sep 24, 2024",249646,G3,New,0.05,No bidding,206.09
"Jan 3, 2025",282192,G5,New,0.05,No bidding,206.09
"Sep 14, 2024",245959,Z28,Returning,0.02,No bidding,206.09
"Aug 27, 2025",360931,Z48,Returning,0.02,Bidding,206.09
"Jun 20, 2025",336304,G15,New,0.05,No bidding,206.09
"Jun 9, 2025",333196,G5,New,0.05,No bidding,206.09
"May 7, 2025",324126,G15,New,0.05,No bidding,206.09
"Mar 19, 2025",313283,G5,New,0.05,No bidding,206.09
"Sep 12, 2024",245194,Z28,New,0.05,No bidding,205.31
"Nov 30, 2024",267511,G5,New,0.05,No bidding,205.22
"Dec 6, 2024",269963,G95,New,0.05,No bidding,204.35
"Mar 19, 2025",313370,G5,New,0.05,No bidding,204.35
"Jul 16, 2024",233204,Z40,Returning,0.02,No bidding,203.48
"Jan 9, 2025",284813,G5,Returning,0.02,No bidding,202.61
"Aug 8, 2024",237137,Z26,New,0.05,No bidding,202.61
"Dec 6, 2024",269828,G5,New,0.05,No bidding,202.21
"Sep 10, 2025",368966,Z1,New,0.05,No bidding,200.87
"Sep 4, 2024",242309,Z28,New,0.05,Bidding,200.87
"Jul 18, 2024",233492,Z1,New,0.05,No bidding,200.65
"Feb 27, 2025",304764,Z39,Returning,0.05,No bidding,200
"Sep 22, 2024",248981,Z26,Returning,0.02,No bidding,198.26
"Jul 30, 2024",235309,Z27,New,0.05,Bidding,198.26
"Jun 3, 2025",331775,g5,Returning,0.02,No bidding,198.26
"Jul 9, 2024",232377,Z3,Returning,0.02,No bidding,198.26
"Dec 5, 2024",269366,G5,New,0.05,No bidding,196.52
"Apr 17, 2025",318868,G5,Returning,0.02,No bidding,196.52
"Aug 4, 2024",236244,Z1,Returning,0.02,No bidding,194.78
"Jan 14, 2025",286696,G5,Returning,0.05,No bidding,193.91
"Feb 28, 2025",306239,G5,New,0.02,No bidding,193.91
"Jan 14, 2025",286597,G5,Returning,0.05,No bidding,189.57
"Aug 20, 2024",239097,Z27,New,0.05,No bidding,189.57
"Dec 29, 2024",279376,G5,New,0.05,No bidding,189.57
"Dec 10, 2024",271362,G5,New,0.05,No bidding,189.57
"Jun 21, 2025",336719,Z88,New,0.05,No bidding,189.57
"Oct 9, 2024",255352,G5,New,0.05,Bidding,189.57
"Oct 7, 2024",254855,Z38,New,0.05,No bidding,188.57
"Jan 21, 2025",288414,G5,Returning,0.05,No bidding,187.83
"Oct 6, 2024",254487,Z28,New,0.05,No bidding,187.83
"Mar 15, 2025",311732,G5,New,0.05,Bidding,186.09
"Feb 28, 2025",305716,G5,Returning,0.05,No bidding,185.22
"Feb 10, 2025",296942,G5,Returning,0.05,No bidding,183.48
"Feb 10, 2025",296475,Z77,Returning,0.05,No bidding,183.48
"Feb 2, 2025",292909,G5,Returning,0.05,Bidding,183.48
"Feb 15, 2025",299094,G5,Returning,0.05,Bidding,183.48
"Sep 18, 2024",247332,G3,New,0.05,Bidding,181.74
"Mar 25, 2025",314899,G95,New,0.05,Bidding,181.43
"Jan 6, 2025",283307,G10,New,0.05,No bidding,180.87
"Nov 25, 2024",266368,G5,New,0.05,No bidding,180.87
"Jun 8, 2025",333048,G5,New,0.05,No bidding,180.87
"Sep 6, 2024",242891,G5,New,0.05,No bidding,173.91
"Sep 9, 2024",244127,G5,New,0.05,No bidding,173.04
"Feb 19, 2025",301161,G5,Returning,0.02,No bidding,172.17
"Feb 16, 2025",299513,Z77,Returning,0.02,No bidding,172.17
"Aug 4, 2024",236396,Z8,New,0.05,Bidding,169.57
"Sep 11, 2024",245058,Z28,New,0.05,Bidding,167.83
"Aug 10, 2025",354901,g61,New,0.05,Bidding,167.83
"May 5, 2025",323782,G55,New,0.05,No bidding,167.83
"Aug 19, 2024",238983,G99,New,0.05,No bidding,166.09
"Oct 4, 2024",253832,Z7,Returning,0.02,Bidding,165.22
"Feb 10, 2025",296820,G5,Returning,0.05,No bidding,164.35
"Jan 3, 2025",281733,G5,New,0.05,No bidding,164.35
"Aug 16, 2024",238511,G3,Returning,0.02,No bidding,164.35
"Dec 17, 2024",273979,G5,New,0.05,No bidding,164.35
"Dec 11, 2024",271535,G95,New,0.05,No bidding,164.35
"Aug 13, 2024",238155,Z27,New,0.05,Bidding,164.35
"Nov 22, 2024",265696,G5,Returning,0.02,No bidding,164.35
"Nov 13, 2024",263773,Z26,New,0.05,No bidding,164.35
"Nov 12, 2024",263380,G5,New,0.05,No bidding,164.35
"Nov 10, 2024",262998,G4,New,0.05,No bidding,164.35
"Nov 8, 2024",262379,G15,New,0.05,No bidding,164.35
"Jul 14, 2025",344920,G61,New,0.05,No bidding,164.35
"Nov 2, 2024",260720,G5,New,0.05,No bidding,164.35
"Jun 16, 2025",335417,Z88,New,0.05,No bidding,164.35
"Oct 30, 2024",260011,Z9,New,0.05,No bidding,164.35
"Jun 10, 2025",333600,G5,New,0.05,No bidding,164.35
"Jun 9, 2025",333306,G5,New,0.05,No bidding,164.35
"Jun 7, 2025",332823,G5,New,0.05,No bidding,164.35
"May 30, 2025",330314,Z88,New,0.05,No bidding,164.35
"Jun 1, 2025",331263,G5,New,0.05,No bidding,164.35
"May 18, 2025",327420,G61,Returning,0.02,Bidding,164.35
"Apr 14, 2025",318284,G5,New,0.05,No bidding,164.35
"Jul 28, 2024",234843,Z88,New,0.05,Bidding,164.35
"Mar 16, 2025",312178,G5,New,0.05,No bidding,164.35
"Aug 4, 2024",236398,Z30,New,0.05,Bidding,164.35
"Jul 23, 2024",234125,Z70,New,0.05,No bidding,164.35
"Mar 4, 2025",307830,G5,New,0.05,Bidding,164.35
"Aug 4, 2024",236349,Z27,New,0.05,No bidding,164.35
"Mar 1, 2025",306733,G5,New,0.05,Bidding,164.35
"Jul 9, 2024",232330,Z1,New,0.05,Bidding,164.35
"Feb 20, 2025",301506,G5,Returning,0.02,No bidding,164.35
"Feb 17, 2025",300035,G5,Returning,0.05,Bidding,164.35
"Feb 18, 2025",300796,Z66,Returning,0.05,Bidding,164.35
"Feb 14, 2025",298612,G5,Returning,0.05,No bidding,164.35
"Sep 7, 2024",243477,Z1,Returning,0.02,Bidding,163.48
"Jul 29, 2024",235030,Z27,New,0.05,Bidding,163.48
"Aug 21, 2024",239139,G5,Returning,0.02,Bidding,160.87
"Sep 10, 2025",368870,G5,New,0.05,No bidding,160.87
"Feb 24, 2025",303196,G5,Returning,0.02,Bidding,160.87
"Sep 25, 2024",249786,G5,New,0.05,No bidding,160
"Sep 24, 2024",249678,G5,New,0.05,No bidding,160
"Sep 18, 2024",247505,Z33,New,0.05,Bidding,160
"Sep 16, 2024",246630,G3,New,0.05,No bidding,160
"Sep 13, 2024",245637,Z26,New,0.05,No bidding,160
"Sep 7, 2024",243388,Z26,Returning,0.02,Bidding,160
"Sep 3, 2024",242177,Z31,New,0.05,Bidding,160
"Sep 2, 2024",241857,Z26,New,0.05,Bidding,160
"Oct 12, 2024",256067,Z27,New,0.05,No bidding,160
"Oct 7, 2024",254669,G5,New,0.05,No bidding,160
"Aug 29, 2024",240864,Z28,New,0.05,Bidding,160
"Sep 15, 2024",246565,G5,Returning,0.02,Bidding,158.38
"Jul 30, 2024",235313,Z70,New,0.05,No bidding,158.26
"Apr 21, 2025",319811,G44,Returning,0.02,No bidding,157.3
"Aug 14, 2024",238178,Z28,New,0.05,No bidding,156.88
"Jan 22, 2025",288664,G5,Returning,0.02,Bidding,156.52
"Jan 5, 2025",282880,G1,New,0.05,Bidding,156.52
"Dec 3, 2024",268632,Z7,New,0.05,Bidding,156.52
"Nov 29, 2024",267439,G5,New,0.05,No bidding,156.52
"Sep 8, 2024",243944,G5,New,0.05,No bidding,156.52
"Oct 30, 2024",260088,G5,New,0.05,No bidding,156.52
"Sep 30, 2024",251660,G5,New,0.05,No bidding,156.52
"Mar 25, 2025",314893,G5,Returning,0.02,No bidding,154.5
"Jul 28, 2025",349560,G61,Returning,0.02,No bidding,150.93
"Jan 1, 2025",281178,G5,New,0.05,No bidding,148.7
"Sep 1, 2024",241686,Z26,New,0.05,No bidding,148.7
"Aug 29, 2024",240691,Z26,New,0.05,Bidding,148.7
"Sep 13, 2024",245610,Z77,New,0.05,Bidding,147.83
"Dec 20, 2024",275079,G5,Returning,0.02,No bidding,147.83
"Jun 22, 2025",336913,Z9,Returning,0.02,No bidding,147.83
"Nov 1, 2024",260618,Z37,Returning,0.02,No bidding,147.83
"Oct 28, 2024",259248,Z31,Returning,0.02,No bidding,147.83
"Oct 2, 2024",252802,G5,New,0.05,Bidding,147.83
"Apr 11, 2025",317600,G55,Returning,0.02,Bidding,146.96
"May 4, 2025",323260,G5,New,0.05,No bidding,144.35
"Sep 2, 2024",null,Z88,New,0.05,No bidding,140.87
"Oct 6, 2024",254434,Z28,New,0.05,No bidding,140.87
"Dec 17, 2024",274018,G5,New,0.05,No bidding,140
"Jul 4, 2025",341416,G5,New,0.05,No bidding,140
"Jun 7, 2025",332701,G5,New,0.05,Bidding,140
"May 2, 2025",322630,Z66,New,0.05,No bidding,140
"Oct 1, 2024",252475,Z28,New,0.05,Bidding,140
"Aug 26, 2024",240001,G15,New,0.05,No bidding,140
"Jan 9, 2025",284715,G95,New,0.05,Bidding,139.13
"Sep 3, 2024",242073,G5,Returning,0.02,Bidding,138.26
"Apr 30, 2025",322185,Z60,New,0.05,No bidding,138.26
"Dec 5, 2024",269526,g5,New,0.05,No bidding,137.39
"Jun 20, 2025",336536,Z88,New,0.05,No bidding,137.39
"Oct 25, 2024",258525,z26,New,0.05,No bidding,137.39
"Sep 16, 2024",246861,Z88,New,0.05,No bidding,136.52
"Oct 3, 2024",253185,Z28,New,0.05,No bidding,136.52
"Jan 1, 2025",280945,G5,New,0.05,No bidding,133.35
"Sep 11, 2024",245065,G99,New,0.05,No bidding,133.04
"Aug 28, 2024",240612,Z26,New,0.05,Bidding,132.17
"Dec 31, 2024",280354,G5,New,0.05,No bidding,131.3
"Jun 2, 2025",331545,G5,New,0.05,No bidding,131.3
"Oct 14, 2024",256603,G5,New,0.05,No bidding,131.3
"Apr 22, 2025",320184,G5,Returning,0.02,No bidding,131.3
"Apr 22, 2025",320183,G5,Returning,0.02,No bidding,131.3
"Aug 17, 2024",238721,Z38,Returning,0.02,No bidding,131.04
"Oct 15, 2024",256626,G5,New,0.05,No bidding,129.62
"Jul 31, 2024",235409,Z70,New,0.05,No bidding,126.09
"May 4, 2025",323343,G5,New,0.05,Bidding,125.22
"Aug 4, 2024",236292,Z27,New,0.05,No bidding,123.79
"Jan 12, 2025",285995,G5,New,0.05,Bidding,123.48
"Jan 12, 2025",285975,G5,New,0.05,No bidding,123.48
"Jan 9, 2025",284798,G5,New,0.05,No bidding,123.48
"Jan 1, 2025",281062,G5,New,0.05,No bidding,123.48
"Aug 21, 2024",239164,Z27,New,0.05,Bidding,123.48
"Dec 28, 2024",278605,G5,New,0.05,No bidding,123.48
"Sep 9, 2024",244270,Z28,New,0.05,No bidding,123.48
"Dec 27, 2024",277896,Z39,New,0.05,No bidding,123.48
"Aug 1, 2024",235732,Z70,Returning,0.02,No bidding,123.48
"Dec 8, 2024",270722,G5,New,0.05,No bidding,123.48
"Dec 8, 2024",270642,G95,New,0.05,Bidding,123.48
"Sep 12, 2024",245311,Z28,New,0.05,Bidding,123.48
"Sep 6, 2024",243230,Z88,New,0.05,No bidding,123.48
"Jun 20, 2025",336355,Z55,New,0.05,No bidding,123.48
"May 9, 2025",324715,G5,New,0.05,No bidding,123.48
"Oct 13, 2024",256403,G5,New,0.05,Bidding,123.48
"Feb 28, 2025",305978,G5,New,0.02,No bidding,123.48
"Sep 5, 2024",242714,Z33,New,0.05,Bidding,118.26
"Jun 3, 2025",331633,G5,New,0.05,No bidding,118.26
"Sep 16, 2024",246660,z28,New,0.05,No bidding,117.39
"Jan 4, 2025",282409,G5,New,0.05,No bidding,114.78
"Jul 23, 2025",348114,Z50,New,0.05,No bidding,114.78
"Jul 13, 2025",344748,G50,New,0.05,No bidding,114.78
"Oct 8, 2024",254904,G5,New,0.05,No bidding,113.91
"Dec 3, 2024",268735,G5,New,0.05,No bidding,111.3
"Dec 4, 2024",269215,G5,New,0.05,No bidding,111.3
"Aug 7, 2024",236960,Z27,New,0.05,No bidding,111.3
"Mar 18, 2025",312781,G55,New,0.05,No bidding,111.3
"May 20, 2025",327741,G5,New,0.05,Bidding,110.43
"Aug 23, 2025",359186,Z39,New,0.05,No bidding,106.96
"Jul 25, 2025",348622,G61,Returning,0.02,No bidding,106.96
"Apr 19, 2025",319428,G5,New,0.05,Bidding,106.96
"Sep 15, 2024",246386,Z31,Returning,0.02,No bidding,104.58
"Aug 31, 2024",241373,Z88,New,0.05,No bidding,103.48
"Feb 11, 2025",297425,G5,Returning,0.05,No bidding,100.87
"Feb 4, 2025",293843,G5,Returning,0.05,No bidding,100.87
"Mar 2, 2025",306989,G5,New,0.05,Bidding,100.87
"Feb 28, 2025",305523,G5,Returning,0.05,Bidding,100.87
"Feb 20, 2025",301503,G95,Returning,0.05,Bidding,100.87
"Feb 15, 2025",299464,G5,Returning,0.05,No bidding,100.87
"Mar 22, 2025",314074,G5,Returning,0.02,No bidding,98.26
"Sep 1, 2024",241571,Z1,New,0.05,Bidding,98.13
"Sep 2, 2025",364385,Z60,New,0.05,Bidding,95.65
"Mar 3, 2025",307415,G5,New,0.05,Bidding,95.65
"Sep 6, 2024",243128,G5,New,0.05,No bidding,95.54
"Dec 28, 2024",278703,G5,Returning,0.02,No bidding,93.91
"Aug 5, 2024",236464,Z88,New,0.05,Bidding,92.11
"Feb 11, 2025",297319,G5,Returning,0.02,No bidding,91.3
"Jan 29, 2025",290882,G5,Returning,0.02,Bidding,90.43
"Feb 16, 2025",299742,G5,Returning,0.05,No bidding,90.43
"Feb 16, 2025",299635,G5,Returning,0.05,Bidding,89.57
"Sep 24, 2024",249599,G3,New,0.05,No bidding,84.35
"Dec 31, 2024",280653,G5,New,0.05,Bidding,81.74
"Jan 2, 2025",281438,G5,Returning,0.02,No bidding,81.74
"Dec 29, 2024",279013,G2,New,0.05,No bidding,81.74
"Dec 24, 2024",276546,G5,New,0.05,No bidding,81.74
"Dec 20, 2024",275135,G5,New,0.05,Bidding,81.74
"Aug 2, 2025",351877,Z60,New,0.05,No bidding,81.74
"Jul 27, 2025",349312,Z38,New,0.05,No bidding,81.74
"Jul 25, 2025",348535,Z82,New,0.05,Bidding,81.74
"Jul 23, 2025",348163,Z5,New,0.05,No bidding,81.74
"Jun 20, 2025",336484,Z88,New,0.05,Bidding,81.74
"Jul 6, 2025",342082,Z9,New,0.05,Bidding,81.74
"May 28, 2025",329849,G5,New,0.05,No bidding,81.74
"Jun 24, 2025",337431,z88,New,0.05,Bidding,81.74
"Jun 13, 2025",334578,G5,New,0.05,No bidding,81.74
"Jun 13, 2025",334435,G5,New,0.05,No bidding,81.74
"May 10, 2025",324968,G55,New,0.05,No bidding,81.74
"Apr 16, 2025",318750,G61,New,0.05,No bidding,81.74
"Feb 24, 2025",303579,G5,Returning,0.05,Bidding,80
"Jan 28, 2025",290626,G5,Returning,0.05,No bidding,78.26
"Jan 23, 2025",289054,G5,Returning,0.05,No bidding,78.26
"Jul 16, 2024",233140,Z1,New,0.05,No bidding,78.26
"Sep 9, 2024",244097,Z31,Returning,0.02,No bidding,77.39
"Jun 27, 2025",338380,G61,New,0.05,Bidding,77.39
"Oct 6, 2024",254572,Z27,Returning,0.02,No bidding,77.39
"Oct 6, 2024",254569,Z31,Returning,0.02,Bidding,77.39
"Aug 30, 2024",241087,G5,New,0.05,Bidding,77.39
"Dec 23, 2024",276057,Z75,New,0.05,Bidding,73.91
"Sep 14, 2024",245887,Z26,New,0.05,Bidding,67.38
"Sep 5, 2024",242837,Z31,Returning,0.02,No bidding,65.22
"Jan 17, 2025",287397,G5,Returning,0.05,Bidding,61.74
"Aug 26, 2024",239850,G5,Returning,0.02,No bidding,40.26
"Jul 22, 2025",347794,Z50,New,0.05,No bidding,26.96
"Jul 4, 2024",231371,g20,Returning,0.02,No bidding,14.78
"Aug 20, 2025",358220,Z5,New,0.05,No bidding,0.87
"Mar 16, 2025",311962,G5,New,0.05,Bidding,0